6825,newsgroup-groups.google.com_misc.consumers_a534e32067078b08_ENG_20060116_030800-0001,1,2,1,3,3,5,5,4,5,6
12004,reviews-164805-0002,2,1,2,4,2,7,2,9,2,15,9,8,9,10,9,14,14,11,14,12,14,13,4,3,4,6,6,5
166,weblog-juancole.com_juancole_20040708181175_ENG_20040708_181175-0004,3,1,3,2,3,7,7,4,7,6,7,10,10,8,10,9,4,5
4892,email-enronsent38_01-0085,1,2
6036,newsgroup-groups.google.com_GayMarriage_0ccbb50b41a5830b_ENG_20050321_181500-0015,3,1,3,2,3,4,3,16,3,18,3,30,18,17,18,23,23,19,23,20,23,21,23,22,23,24,23,26,23,28,28,27,28,29,26,25,16,15,4,7,4,14,14,13,7,5,7,6,7,8,7,11,7,12,11,9,11,10
3172,email-enronsent40_01-0021,5,1,5,2,5,3,5,4,5,7,5,16,5,20,5,21,20,18,20,19,18,17,7,6,7,8,7,11,11,10,11,12,11,15,15,13,15,14,8,9
4427,email-enronsent35_01-0023,2,1,2,4,2,5,4,3
9273,answers-20111108110329AAxl1pb_ans-0013,2,1,2,4,2,20,2,21,20,11,20,13,20,15,20,19,15,14,15,18,18,16,18,17,13,12,4,3,4,5,4,10,10,6,10,8,10,9,8,7
7147,newsgroup-groups.google.com_alt.animals_0084bdc731bfc8d8_ENG_20040905_212000-0188,4,3,3,1,3,2
2649,email-enronsent25_01-0096,1,2
6112,newsgroup-groups.google.com_civicamerican_22c54c292026bfd2_ENG_20060128_072400-0047,1,3,3,2
2035,email-enronsent08_02-0043
7093,newsgroup-groups.google.com_alt.animals_0084bdc731bfc8d8_ENG_20040905_212000-0134,1,3,1,4,1,5,1,20,5,9,5,17,5,19,19,18,9,6,9,7,9,8,9,16,16,15,15,10,15,13,15,14,13,11,13,12,3,2
4277,email-enronsent03_01-0031,2,1
9209,answers-20111107211742AAHZaPe_ans-0053,2,1,2,4,2,8,4,3,4,6,6,5,6,7
10276,reviews-127252-0002,3,1,3,2,3,5,3,6,3,12,6,8,6,11,11,9,11,10,8,7,5,4
2856,email-enronsent11_01-0109,1,2
10023,reviews-187875-0002,4,1,4,2,4,3,4,7,4,10,7,5,7,6,7,9,9,8
9063,answers-20111108103957AAcF3iZ_ans-0019,5,1,5,2,5,3,5,4,5,7,5,8,5,11,5,14,5,20,14,12,14,13,14,17,14,19,19,18,17,15,17,16,8,10,10,9,7,6
3060,email-enronsent15_01-0074,11,4,11,8,11,9,11,10,11,16,11,26,16,12,16,13,16,14,16,15,16,18,18,17,18,20,18,23,23,21,23,22,23,25,25,24,20,19,4,1,4,2,4,3,4,7,7,5,7,6
5814,newsgroup-groups.google.com_FOOLED_1bf9cdc5a4c2ac48_ENG_20050904_130400-0014,1,2,1,8,1,9,8,3,8,4,8,5,8,6,8,7
12093,reviews-220214-0007,5,2,5,3,5,4,5,10,5,13,10,6,10,8,10,9,10,12,12,11,8,7,2,1
12007,reviews-164805-0005,2,1,2,3,2,5,2,12,2,16,12,10,12,11,12,15,15,13,15,14,5,4,5,8,8,6,8,7,8,9
1495,weblog-blogspot.com_dakbangla_20050311135387_ENG_20050311_135387-0146,10,6,10,7,10,8,10,12,10,17,10,18,10,26,18,20,20,19,20,23,23,21,23,22,23,25,25,24,12,11,12,16,16,13,16,14,16,15,8,9,6,1,6,2,6,5,5,4,4,3
8700,answers-20111108111107AAlrzok_ans-0010,3,1,3,2,3,4,3,5
12048,reviews-330966-0003,3,1,3,2,3,6,3,8,3,26,3,40,26,9,26,10,26,14,26,21,26,24,26,25,26,29,29,27,29,28,29,31,29,39,39,32,39,33,39,34,39,35,39,38,38,36,38,37,31,30,24,22,24,23,14,11,14,12,14,13,14,17,17,15,17,16,17,20,20,18,20,19,8,7,6,4,6,5
6752,newsgroup-groups.google.com_humanities.lit.authors.shakespeare_0018a7697318f71f_ENG_20031006_163200-0108,2,1,2,7,2,19,7,3,7,4,7,5,7,6,7,8,7,9,7,12,12,10,12,11,12,13,13,16,16,14,16,15,16,18,18,17
9585,answers-20111108065616AAKtL2c_ans-0015,11,2,11,4,11,7,11,9,11,10,11,12,11,14,11,20,14,13,14,16,16,15,16,17,17,19,19,18,9,8,7,5,7,6,2,1,2,3
8256,answers-20111108101024AANYJpw_ans-0014,7,3,7,6,7,9,7,25,7,26,25,18,25,19,25,23,25,24,19,20,20,22,22,21,9,8,9,12,12,10,12,11,12,15,15,13,15,14,15,17,17,16,3,1,3,2,3,5,5,4
2729,email-enronsent22_01-0064,3,1,3,2,3,5,3,13,5,4,5,7,7,6,7,9,7,12,12,10,12,11,9,8
2427,email-enronsent17_01-0068,1,2
3370,email-enronsent44_01-0001,2,1,2,3
11779,reviews-183518-0007,2,1,2,3,2,11,2,26,11,6,11,7,11,8,11,9,11,10,11,13,13,12,13,16,16,14,16,15,16,20,20,17,20,18,20,19,20,21,21,23,23,22,23,25,25,24,3,5,5,4
1275,weblog-blogspot.com_alaindewitt_20060924104100_ENG_20060924_104100-0175,3,1,3,2,3,5,3,11,3,17,11,6,11,10,11,12,11,14,14,13,14,16,16,15,10,7,10,8,10,9,5,4
3112,email-enronsent34_01-0039,3,1,3,2,3,5,3,22,5,6,5,7,5,8,5,10,5,16,16,14,16,15,16,18,18,17,18,19,18,21,21,20,10,9,10,13,13,11,13,12,6,4
5596,newsgroup-groups.google.com_emails_ec0a1064de05e74b_ENG_20040929_023800-0032,4,2,4,5,4,8,4,12,4,17,12,9,12,11,12,13,13,14,14,16,16,15,11,10,8,6,8,7,2,1,2,3
5276,email-enronsent33_01-0094,2,1,2,4,2,9,4,3,4,5,4,8,8,6,8,7
385,weblog-blogspot.com_alaindewitt_20040929103700_ENG_20040929_103700-0059,9,1,9,2,9,5,9,6,9,7,9,8,9,10,9,13,10,12,12,11,5,3,5,4
7517,answers-20111108091609AAHOFa6_ans-0004,4,1,4,2,4,3,4,6,4,7,6,5
5562,newsgroup-groups.google.com_alt.animals.bear_395d998336aec581_ENG_20031225_105300-0029,3,1,3,5,3,8,3,12,3,16,12,9,12,10,12,11,12,15,15,13,15,14,8,6,8,7,5,4,1,2
440,weblog-blogspot.com_healingiraq_20050121235804_ENG_20050121_235804-0035,20,1,20,16,20,17,20,18,20,19,20,23,20,24,20,27,20,49,27,25,27,26,27,28,27,30,30,29,30,41,41,31,41,33,41,46,46,43,46,44,46,45,46,48,48,47,43,42,33,32,33,34,34,39,39,35,39,36,39,37,39,38,39,40,23,21,23,22,1,2,1,4,4,3,4,8,8,5,8,7,8,12,12,9,12,10,12,11,12,15,15,13,15,14,7,6
8367,answers-20111108073322AA27tkh_ans-0004,9,3,9,4,9,6,9,7,9,8,9,11,9,28,11,10,11,13,11,17,11,18,11,21,21,19,21,20,21,23,23,22,23,26,26,24,26,27,24,25,17,14,17,15,17,16,13,12,6,5,3,1,3,2
11316,reviews-335225-0002,9,5,9,7,9,8,9,10,9,12,9,15,12,11,12,14,14,13,5,1,5,3,5,4,5,6,3,2
12198,reviews-235423-0015,9,2,9,5,9,8,9,11,9,17,11,10,11,13,13,12,13,16,16,14,16,15,8,7,7,6,2,1,2,4,4,3
6807,newsgroup-groups.google.com_alt.animals_434fe80fb3577e8e_ENG_20031011_200300-0048,3,1,3,9,3,10,9,4,9,5,9,7,9,8,5,6,1,2
56,weblog-blogspot.com_healingiraq_20040409053012_ENG_20040409_053012-0017,6,1,6,4,6,5,6,10,6,19,10,7,10,8,10,9,10,12,12,11,12,13,12,16,16,14,16,15,16,18,18,17,1,3,3,2
109,weblog-typepad.com_ripples_20040407125600_ENG_20040407_125600-0045
10877,reviews-128636-0002,8,1,8,2,8,3,8,5,8,12,8,13,12,9,12,10,12,11,5,4,5,7,7,6
2683,email-enronsent22_01-0018,5,1,5,2,5,3,5,4,5,7,5,8,7,6
9504,answers-20111107175720AAlb2TB_ans-0039,3,1,3,2,3,7,3,9,3,10,3,18,3,25,9,8,7,4,7,5,7,6,5,13,5,22,22,19,22,20,22,21,22,24,24,23,13,11,13,12,13,17,17,14,17,15,17,16
2930,email-enronsent24_01-0065,1,2
4695,email-enronsent37_01-0035,12,1,12,11,12,14,12,31,14,13,14,17,14,18,18,30,30,19,30,21,30,22,30,25,30,26,30,29,26,28,28,27,25,23,25,24,21,20,17,15,17,16,1,2,1,4,1,7,1,10,10,9,7,6,7,8,4,3,4,5
1630,email-enronsent19_01-0046,3,1,3,2,3,5,3,11,3,19,3,21,3,22,21,20,19,15,19,16,19,18,16,17,11,10,11,13,13,12,13,14,5,4,5,9,9,6,9,7,9,8
10691,reviews-274106-0004,5,3,5,4,5,6,3,1,3,2
6791,newsgroup-groups.google.com_alt.animals_434fe80fb3577e8e_ENG_20031011_200300-0032,2,1,2,7,2,70,7,3,7,4,7,5,7,6,7,10,7,11,7,16,7,27,16,12,16,14,16,15,16,18,16,20,16,26,26,21,26,22,26,24,26,25,22,23,20,19,18,17,12,13,10,8,10,9,3,30,30,28,30,29,30,31,30,34,30,39,30,44,30,46,30,49,49,47,49,48,49,55,55,50,55,53,55,54,55,56,55,57,55,64,55,69,69,65,69,66,66,68,68,67,57,59,57,63,59,58,59,62,62,60,62,61,53,51,53,52,44,40,44,42,44,43,44,45,40,41,34,32,34,33,34,38,38,35,38,36,38,37
1734,email-enronsent30_01-0024,6,3,6,4,6,5,6,9,6,11,6,28,11,10,11,12,11,13,13,18,18,14,18,15,18,16,18,17,18,21,18,24,18,25,18,27,27,26,24,22,24,23,21,19,21,20,9,7,9,8,3,1,3,2
11164,reviews-314974-0006,2,1,2,4,2,17,4,3,4,7,4,10,4,14,14,12,14,13,14,16,16,15,10,8,10,9,10,11,7,5,7,6
9471,answers-20111107175720AAlb2TB_ans-0006,7,1,7,2,7,4,7,5,7,6,7,10,7,30,10,8,10,9,10,12,12,11,12,15,12,20,20,16,20,17,20,18,20,19,20,25,25,21,25,22,25,24,25,29,29,26,29,27,29,28,24,23,15,13,15,14,1,3
2976,email-enronsent24_01-0111,3,1,3,2,3,8,3,9,8,4,8,5,8,6,8,7
12068,reviews-107692-0007,3,1,3,2,3,5,3,6,3,15,6,10,10,7,10,8,10,9,5,4,4,14,14,11,14,12,14,13
6144,newsgroup-groups.google.com_FOOLED_7554c5ce34a5a49e_ENG_20051012_144800-0029,3,2,3,4,3,9,3,10,9,5,9,6,9,8,6,7,2,1
3811,email-enronsent10_01-0009,2,1,2,6,2,19,2,29,19,9,19,10,19,14,19,18,19,20,19,21,19,25,25,22,25,23,25,24,25,26,25,28,28,27,14,11,14,12,14,13,14,17,17,15,17,16,6,3,6,4,6,5,6,8,8,7
8578,answers-20111108051456AAQJaXR_ans-0007,5,2,5,3,5,4,5,11,5,17,11,6,11,7,11,8,11,9,11,10,11,14,14,12,14,13,14,16,16,15,2,1
9764,answers-20111108104724AAuBUR7_ans-0048,6,2,6,3,6,4,6,5,6,7,2,1
11622,reviews-055207-0002,2,1,2,4,2,10,4,3,4,9,9,5,9,7,9,8,7,6
5404,newsgroup-groups.google.com_herpesnation_c74170a0fcfdc880_ENG_20051125_075200-0004,9,1,9,7,9,8,9,15,9,73,15,10,15,11,15,12,15,13,15,14,15,18,15,32,15,36,36,33,36,34,36,35,36,38,36,43,36,47,36,54,54,56,54,59,54,65,54,70,70,69,70,72,72,71,65,63,65,64,65,68,68,66,68,67,59,57,59,58,59,62,62,60,62,61,56,55,47,44,47,45,47,46,47,50,47,53,50,48,50,49,50,51,51,52,38,37,38,40,40,39,40,42,42,41,32,24,32,28,32,29,32,30,32,31,28,25,28,26,28,27,18,16,18,17,18,20,20,19,20,23,23,21,23,22,1,6,6,2,6,3,6,5,5,4
659,weblog-blogspot.com_dakbangla_20041016151002_ENG_20041016_151002-0033,31,1,31,3,31,28,31,29,31,30,31,32,3,2,3,7,3,24,24,17,24,18,24,20,24,23,24,25,24,27,27,26,20,19,20,22,22,21,7,5,7,6,7,10,7,13,13,11,13,12,13,16,16,14,16,15,10,8,10,9,5,4
3806,email-enronsent10_01-0004,3,1,3,2,3,5,3,8,3,30,8,6,8,7,8,10,8,20,20,17,20,18,20,19,20,23,23,21,23,22,23,24,23,25,23,27,27,26,27,29,29,28,10,9,10,12,10,15,15,13,15,14,15,16,12,11,5,4
1962,email-enronsent26_01-0030,1,2
8179,answers-20111108094504AAKrc8F_ans-0014,1,2,1,5,1,6,5,3,5,4
3545,email-enronsent06_01-0094,1,2
12078,reviews-187266-0006,6,2,6,3,6,4,6,5,6,8,6,15,8,7,8,11,11,9,11,10,11,14,14,12,14,13,2,1
12387,reviews-290594-0011,4,1,4,2,4,3,4,6,4,9,4,10,4,14,4,18,4,49,18,15,18,16,18,17,18,20,18,22,22,21,22,24,24,23,24,26,24,29,24,32,24,33,24,34,34,35,35,38,35,41,41,39,41,40,41,43,43,42,43,45,45,44,45,47,45,48,47,46,38,36,38,37,32,30,32,31,29,27,29,28,26,25,20,19,9,7,9,8,6,5,6,12,12,11,12,13
9094,answers-20111108111312AAq4ETn_ans-0020,9,3,9,8,9,12,9,23,12,10,12,11,12,15,12,20,20,16,20,18,20,19,20,22,22,21,18,17,15,13,15,14,3,1,3,2,3,5,3,7,7,6,5,4
10972,reviews-191666-0008,3,1,3,2,3,5,3,15,5,4,5,7,5,11,11,10,11,14,14,12,14,13,7,6,7,9,9,8
3044,email-enronsent15_01-0058,1,2,1,5,1,17,5,3,5,4,5,8,5,14,14,11,14,13,14,16,16,15,13,12,8,6,8,7,8,10,10,9
4222,email-enronsent41_01-0096,1,2
9643,answers-20111108065616AAKtL2c_ans-0073,5,2,5,3,5,4,5,10,5,11,10,1,10,6,10,7,10,8,10,9
7105,newsgroup-groups.google.com_alt.animals_0084bdc731bfc8d8_ENG_20040905_212000-0146,1,2,1,3,1,23,3,6,3,9,9,7,9,8,9,15,9,21,21,19,21,20,21,22,15,10,15,11,15,12,15,13,15,14,15,18,18,16,18,17,6,4,6,5
8490,answers-20111108090524AAofoXT_ans-0004,3,1,3,2,3,5,3,18,5,4,5,6,5,13,13,12,13,14,13,17,17,15,17,16,6,7,6,10,6,11,10,8,10,9
2127,email-enronsent01_02-0042,1,3,1,7,3,2,3,4,3,6,6,5
680,weblog-blogspot.com_dakbangla_20041016151002_ENG_20041016_151002-0054,3,1,3,2,3,7,3,27,7,4,7,5,7,6,7,8,7,9,7,24,24,10,24,13,24,22,24,23,24,25,24,26,13,11,13,12,13,15,13,16,16,19,19,17,19,18,19,21,21,20,15,14
2689,email-enronsent22_01-0024,13,1,13,2,13,8,13,9,13,10,13,11,13,12,13,15,13,16,15,14,8,3,8,5,5,6,5,7,3,4
4936,email-enronsent38_01-0129
153,weblog-juancole.com_juancole_20030911085700_ENG_20030911_085700-0026,3,1,3,4,3,6,3,7,3,8,3,17,8,14,8,16,16,15,14,11,14,13,11,9,11,10,11,12,6,5,1,2
2462,email-enronsent17_01-0103,1,2
3753,email-enronsent31_01-0024,1,2,1,4,1,13,4,3,4,6,6,5,6,8,8,7,8,10,10,9,10,12,12,11
5729,newsgroup-groups.google.com_misc.consumers_628669ce346c590d_ENG_20040527_065700-0012,24,3,24,9,24,11,24,23,24,26,24,52,26,25,26,30,26,40,40,39,40,44,44,41,44,43,44,49,49,45,49,46,49,47,49,48,49,51,51,50,43,42,30,27,30,28,30,29,30,33,33,31,33,32,33,36,36,34,36,35,36,38,38,37,11,10,11,12,11,16,16,13,16,14,16,15,16,20,20,17,20,18,20,19,20,22,22,21,3,1,3,2,3,8,8,4,8,5,8,6,8,7
8833,answers-20111108092321AAK0Eqp_ans-0009,4,1,4,2,4,3,4,9,4,35,9,5,9,6,9,7,9,8,9,10,9,14,9,26,26,24,26,25,26,28,28,27,28,31,28,34,34,32,34,33,31,29,31,30,14,11,14,12,14,13,14,16,16,15,16,19,19,17,19,18,19,20,19,23,23,21,23,22
5602,newsgroup-groups.google.com_emails_ec0a1064de05e74b_ENG_20040929_023800-0038,5,2,5,3,5,4,5,10,5,22,10,6,10,7,10,12,12,11,12,13,12,17,17,16,17,18,17,21,21,19,21,20,13,15,15,14,7,9,9,8,2,1
2571,email-enronsent25_01-0018,2,1,2,4,2,6,2,12,2,15,12,7,12,8,12,9,12,10,12,11,12,14,14,13,6,5,4,3
6324,newsgroup-groups.google.com_alt.animals_02c2d614bfbf6b20_ENG_20050223_232900-0010,14,6,14,7,14,8,14,17,14,18,17,15,17,16,8,11,11,9,11,10,11,13,13,12,6,1,6,2,6,3,6,4,6,5
5304,email-enronsent33_01-0122,2,1,2,3
210,weblog-juancole.com_juancole_20040604210986_ENG_20040604_210986-0007,7,1,7,2,7,3,7,4,7,5,7,6,7,9,7,10,9,8
808,weblog-blogspot.com_rigorousintuition_20060511134300_ENG_20060511_134300-0010,8,1,8,4,8,7,8,9,4,2,4,3,4,6,6,5
997,weblog-blogspot.com_rigorousintuition_20060511134300_ENG_20060511_134300-0199,3,1,3,2,3,4,3,5,3,6
11660,reviews-036753-0007,5,3,5,4,5,6,5,10,5,14,5,23,14,11,14,12,14,15,14,18,14,19,14,22,22,20,22,21,18,16,18,17,12,13,10,7,10,8,10,9,3,1,3,2
7292,answers-20111106155648AAvG7DN_ans-0009,3,1,3,2,3,6,3,33,6,4,6,5,6,8,6,16,16,11,16,12,16,13,16,14,16,15,16,19,16,21,21,20,21,23,21,26,26,24,26,25,26,28,28,27,28,32,32,29,32,31,31,30,23,22,19,17,19,18,8,7,8,10,10,9
1287,weblog-blogspot.com_alaindewitt_20060924104100_ENG_20060924_104100-0187,3,1,3,2,3,5,3,29,5,4,5,7,5,9,5,20,20,18,20,19,20,21,20,24,20,28,28,25,28,26,28,27,24,22,24,23,9,8,9,14,9,17,17,15,17,16,14,10,14,11,14,12,14,13,7,6
6358,newsgroup-groups.google.com_alt.animals_02c2d614bfbf6b20_ENG_20050223_232900-0044,10,2,10,7,10,8,10,9,10,17,10,41,17,15,17,16,17,19,19,18,19,23,19,25,19,27,19,33,33,28,33,29,33,30,33,31,33,32,33,34,33,39,33,40,39,35,39,36,39,38,38,37,27,26,25,24,23,21,21,20,21,22,15,11,15,12,12,14,14,13,2,1,2,6,6,3,6,4,6,5
2940,email-enronsent24_01-0075,2,1,2,5,2,7,2,8,2,9,2,10,2,13,2,14,13,11,13,12,7,6,5,3,5,4
191,weblog-juancole.com_juancole_20040708181175_ENG_20040708_181175-0029,3,1,3,2,3,5,3,9,3,11,3,14,3,22,14,12,14,13,14,16,16,15,16,21,21,17,21,20,20,18,20,19,9,6,9,7,9,8,6,10,5,4
11670,reviews-034501-0005,6,1,6,2,6,3,6,4,6,5,6,7,6,13,7,9,9,8,9,12,12,10,12,11
6025,newsgroup-groups.google.com_GayMarriage_0ccbb50b41a5830b_ENG_20050321_181500-0004,15,2,15,4,15,14,15,17,15,45,17,16,17,18,17,20,20,19,20,30,30,21,30,25,30,28,30,29,30,32,32,31,32,34,32,44,44,40,44,43,43,41,43,42,34,33,34,36,34,39,39,37,39,38,36,35,25,24,25,27,27,26,24,23,23,22,4,3,4,5,5,10,10,6,10,8,10,9,10,13,13,11,13,12,8,7,2,1
3528,email-enronsent06_01-0077,2,1
11119,reviews-071518-0005,4,1,4,2,4,3,4,7,4,17,7,5,7,6,7,9,7,11,11,10,11,13,13,12,13,16,16,14,16,15,9,8
8397,answers-20111108111128AAwfype_ans-0021,4,1,4,2,4,3,4,8,4,11,8,6,8,7,8,10,10,9,6,5
12472,reviews-053248-0004,8,1,8,2,8,3,8,5,8,9,8,10,8,11,5,4,5,7,7,6
1990,email-enronsent26_01-0058,3,2,3,4,2,1
7877,answers-20111108080049AAgT0iA_ans-0013,19,5,19,15,19,16,19,17,19,18,19,20,5,1,5,3,5,4,5,6,5,7,5,11,11,8,11,9,11,10,11,14,14,12,14,13,3,2
10188,reviews-257296-0005,5,1,5,2,5,3,5,4,5,11,5,22,5,23,22,13,22,16,22,19,22,20,22,21,16,14,16,15,16,18,18,17,11,6,11,8,11,9,11,10,11,12,8,7
1008,weblog-blogspot.com_rigorousintuition_20060511134300_ENG_20060511_134300-0210,21,2,21,20,21,23,21,28,21,29,28,25,28,26,28,27,23,22,23,24,2,1,2,8,2,18,18,14,18,15,18,16,18,17,18,19,8,3,8,4,8,6,8,7,8,13,13,9,13,10,13,11,13,12,6,5
226,weblog-juancole.com_juancole_20040604210986_ENG_20040604_210986-0023,18,2,18,16,18,17,18,19,2,1,2,3,2,4,4,5,5,10,10,6,10,7,10,8,10,9,10,13,13,11,13,12,13,15,15,14
10258,reviews-162567-0003,14,2,14,11,14,12,14,13,14,15,14,17,15,16,2,1,2,4,4,3,4,7,7,5,7,6,7,10,10,8,10,9
8057,answers-20111108111010AASEk0S_ans-0004,15,3,15,4,15,8,15,12,15,14,15,16,15,21,15,35,35,33,35,34,35,36,35,42,35,49,49,46,49,47,49,48,49,52,52,50,52,51,42,41,42,45,45,43,45,44,36,40,40,37,40,38,40,39,21,19,21,20,21,23,23,22,23,24,23,26,26,25,26,29,29,27,29,28,29,32,32,30,32,31,16,18,18,17,14,13,8,5,8,6,8,7,8,11,11,9,11,10,3,1,3,2
5337,email-enronsent33_01-0155,1,3,3,2
9995,reviews-262441-0002,2,1
6894,newsgroup-groups.google.com_misc.consumers_a534e32067078b08_ENG_20060116_030800-0070,10,1,10,7,10,8,10,9,10,19,10,20,19,11,19,12,12,13,12,18,18,14,18,15,18,16,18,17,1,4,1,6,6,5,4,2,4,3
9008,answers-20111107094641AATmyb6_ans-0003,4,1,4,2,4,3,4,6,4,8,4,16,4,18,16,13,16,15,16,17,15,14,8,7,8,12,12,9,12,10,12,11,6,5
3302,email-enronsent13_01-0046,1,2,1,4,1,10,4,3,4,5,5,9,9,6,9,7,9,8
5968,newsgroup-groups.google.com_Meditation20052_06390a5f75b2e1f2_ENG_20050316_091700-0015,1,3,1,13,3,2,3,4,4,5,4,8,8,6,8,7,8,9,9,10,10,12,12,11
10860,reviews-080221-0011,2,1,2,4,2,8,4,3,4,7,7,5,7,6
11445,reviews-085980-0005,7,3,7,4,7,6,7,8,7,10,7,53,10,9,10,14,14,11,14,12,14,13,14,18,18,15,18,16,18,17,18,23,23,19,23,20,23,21,23,22,23,24,23,26,23,28,23,34,23,37,37,35,37,36,37,41,41,38,41,39,41,40,41,43,41,44,41,47,47,45,47,46,47,49,49,48,49,52,52,50,52,51,43,42,28,27,28,30,30,29,30,33,33,31,33,32,26,25,6,5,3,1,3,2
1955,email-enronsent26_01-0023,2,1,2,8,2,9,8,3,8,4,8,7,7,6,6,5
9118,answers-20111108111312AAq4ETn_ans-0044,3,1,3,2,3,7,3,8,7,4,7,5,7,6
2452,email-enronsent17_01-0093,3,1,3,2,3,6,3,12,3,33,12,10,12,11,12,14,14,13,14,24,24,15,24,16,24,23,24,26,26,25,26,28,28,27,28,30,30,29,30,32,32,31,16,18,16,20,16,22,22,21,20,19,18,17,6,4,6,5,6,9,9,7,9,8
1311,weblog-blogspot.com_alaindewitt_20060924104100_ENG_20060924_104100-0211,17,1,17,10,17,16,16,14,16,15,16,19,19,18,19,21,19,23,19,31,23,22,23,24,23,26,26,25,26,30,30,27,30,28,30,29,21,20,14,11,14,13,13,12,1,9,9,2,9,3,9,8,3,5,3,7,7,6,5,4
8108,answers-20111107193815AAhaJjy_ans-0006,8,1,8,2,8,3,8,4,8,5,8,6,8,7,8,9,8,19,9,12,9,13,9,14,14,16,16,15,16,18,18,17,12,10,12,11
2702,email-enronsent22_01-0037,1,2,1,4,1,5,4,3
5497,newsgroup-groups.google.com_Meditation20051_1027f5a3651d547c_ENG_20050316_085700-0021,1,4,1,7,4,2,4,3,4,6,6,5
3778,email-enronsent31_01-0049
3330,email-enronsent13_01-0074
2679,email-enronsent22_01-0014,9,4,9,7,9,8,9,10,7,5,7,6,4,1,4,2,4,3
2666,email-enronsent22_01-0001,1,2,1,3
4723,email-enronsent37_01-0063,8,2,8,6,8,7,8,11,8,21,11,9,11,10,11,14,14,12,14,13,14,15,15,17,17,16,17,19,17,20,19,18,2,1,2,4,4,3,4,5
2459,email-enronsent17_01-0100,12,8,12,9,12,10,12,11,12,15,12,20,12,34,20,16,20,17,20,18,20,19,20,21,20,25,20,29,20,33,29,27,29,28,29,30,29,31,31,32,25,23,25,24,25,26,21,22,15,13,15,14,8,1,8,3,8,7,7,5,7,6,3,2,3,4
8800,answers-20111108104352AASs5OZ_ans-0010,16,2,16,13,16,14,16,15,16,17,2,1,2,5,5,3,5,4,5,7,7,6,7,8,7,12,12,9,12,11,11,10
1484,weblog-blogspot.com_dakbangla_20050311135387_ENG_20050311_135387-0135,9,3,9,5,9,8,9,29,9,37,29,10,29,12,29,23,29,25,29,26,29,27,29,28,29,31,31,30,31,33,33,32,33,36,36,34,34,35,25,24,12,11,12,20,20,13,20,14,20,22,22,21,14,15,14,17,17,16,17,18,17,19,8,6,8,7,3,1,3,2,3,4
8513,answers-20111108083754AAEw5Xc_ans-0007,5,3,5,4,5,6,5,9,5,17,9,1,9,7,9,8,9,11,11,10,11,12,11,13,13,15,13,16,15,14,3,2
11398,reviews-047184-0002,6,4,6,5,6,11,6,15,6,20,15,12,15,13,15,14,15,18,18,16,18,17,18,19,11,7,11,8,11,10,10,9,4,1,4,2,4,3
54,weblog-blogspot.com_healingiraq_20040409053012_ENG_20040409_053012-0015,3,1,3,2,3,4
2400,email-enronsent17_01-0041,3,1,3,2,3,4,3,6,3,8,3,11,3,14,3,15,14,12,14,13,11,9,11,10,8,7,6,5
52,weblog-blogspot.com_healingiraq_20040409053012_ENG_20040409_053012-0013,3,1,3,2,3,5,3,20,3,24,3,28,3,31,28,25,28,29,28,30,25,27,27,26,20,14,20,15,20,17,20,18,20,19,20,21,21,23,23,22,17,16,5,4,5,6,5,13,13,12,6,8,6,11,11,9,11,10,8,7
10775,reviews-047762-0001,3,1,3,2,3,5,5,4
8127,answers-20111108101300AAIAKXN_ans-0007,4,1,4,2,4,3,4,7,4,12,4,15,12,8,12,9,12,10,12,11,12,14,14,13,7,5,7,6
3028,email-enronsent15_01-0042,2,1,2,3,2,4,2,5,2,8,8,7,7,6
9953,reviews-085424-0001,1,2,1,4,1,8,1,9,8,5,8,7,7,6,4,3
1570,weblog-blogspot.com_dakbangla_20050311135387_ENG_20050311_135387-0221,7,1,7,2,7,3,7,4,7,5,7,6,7,8
4329,email-enronsent03_01-0083,1,2
8276,answers-20111108104551AAVAVQR_ans-0010,3,1,3,2,3,4
12288,reviews-036133-0006,3,1,3,2,3,4,3,6,3,16,6,5,6,8,6,15,15,12,15,13,15,14,8,7,8,11,11,9,11,10
6654,newsgroup-groups.google.com_humanities.lit.authors.shakespeare_0018a7697318f71f_ENG_20031006_163200-0010,2,1,2,3,2,5,5,4,5,6,5,7,5,8,5,9
1083,weblog-blogspot.com_rigorousintuition_20060511134300_ENG_20060511_134300-0285,7,1,7,2,7,3,7,4,7,5,7,6,7,9,7,10,9,8
12311,reviews-026883-0009,2,1,2,3,2,8,2,20,8,5,8,6,8,7,8,9,8,12,12,10,12,11,12,15,12,19,19,16,19,17,19,18,15,13,15,14,3,4
7550,answers-20111107212131AACQ65F_ans-0017,3,1,3,2,3,5,3,10,3,15,10,6,10,7,10,8,10,9,10,11,11,14,14,12,14,13,5,4
6827,newsgroup-groups.google.com_misc.consumers_a534e32067078b08_ENG_20060116_030800-0003,1,3,1,4,1,7,7,5,7,6,3,2
2980,email-enronsent24_01-0115,1,2,1,3,1,4
3985,email-enronsent39_01-0087,3,1,3,2,3,5,3,8,5,4,5,7,7,6
3019,email-enronsent15_01-0033,2,1,2,4,2,11,4,3,4,7,7,5,7,6,7,10,10,8,10,9
446,weblog-blogspot.com_healingiraq_20050121235804_ENG_20050121_235804-0041,10,2,10,9,10,11,2,1,2,4,4,3,4,5,4,8,4,18,18,12,18,13,18,16,18,17,18,20,18,35,35,34,35,39,35,66,39,36,39,37,39,38,39,46,46,41,46,42,46,43,46,44,46,45,46,51,51,47,51,48,51,49,51,50,51,55,55,52,55,53,55,54,55,60,55,63,63,62,63,64,63,65,60,56,60,59,60,61,59,57,59,58,41,40,20,19,20,22,20,24,20,27,20,29,29,28,29,32,32,30,32,31,32,33,24,23,24,26,26,25,22,21,16,14,16,15,8,6,8,7
6109,newsgroup-groups.google.com_civicamerican_22c54c292026bfd2_ENG_20060128_072400-0044,1,2,1,3,1,4,1,5,1,6,6,8,8,7
5414,newsgroup-groups.google.com_herpesnation_c74170a0fcfdc880_ENG_20051125_075200-0014,2,1,2,4,2,13,4,3,4,8,8,5,8,6,8,7,8,11,11,9,11,12,9,10
2882,email-enronsent24_01-0017,4,1,4,2,4,3,4,5,4,6
6467,newsgroup-groups.google.com_INTPunderground_b2c62e87877e4a22_ENG_20050906_165900-0022,4,3,4,7,4,24,7,5,7,6,7,10,10,9,10,13,10,20,20,17,20,18,20,19,20,23,23,21,23,22,13,11,13,12,13,16,16,14,16,15,9,8,3,1,3,2
2913,email-enronsent24_01-0048,2,1,2,5,2,16,2,26,16,12,16,13,16,14,16,15,16,17,16,22,22,18,22,19,22,20,22,21,22,25,25,23,25,24,5,3,5,4,5,7,5,11,11,8,11,9,11,10,7,6
2916,email-enronsent24_01-0051
9365,answers-20111108110012AAK8Azy_ans-0018,2,1,2,5,2,11,5,3,5,4,5,7,7,6,7,10,10,8,10,9
11140,reviews-010378-0007,18,1,18,16,18,17,18,19,1,4,4,2,4,3,4,6,4,13,13,11,13,12,13,15,15,14,11,10,6,5,6,7,6,9,9,8
8491,answers-20111108090524AAofoXT_ans-0005,12,3,12,11,12,13,12,17,12,18,17,14,17,15,17,16,3,1,3,2,3,8,8,5,8,6,8,7,8,10,10,9,5,4
4078,email-enronsent14_01-0085,1,2,1,3,1,4,1,10,1,13,13,11,13,12,10,8,10,9,4,5,4,6,6,7
6770,newsgroup-groups.google.com_alt.animals_434fe80fb3577e8e_ENG_20031011_200300-0011,3,1,3,2,3,5,3,6,5,4
8408,answers-20111108092029AAsHTYP_ans-0007,5,1,5,2,5,3,5,4,5,12,5,13,12,7,12,8,12,9,12,10,12,11,7,6
11335,reviews-351058-0006,8,3,8,5,8,6,8,7,8,9,8,13,8,27,8,33,27,14,27,15,27,16,27,25,27,26,27,32,32,28,32,29,32,30,32,31,16,19,19,17,19,18,19,22,22,20,22,21,22,24,24,23,13,10,13,11,13,12,5,4,3,1,3,2
6840,newsgroup-groups.google.com_misc.consumers_a534e32067078b08_ENG_20060116_030800-0016,17,5,17,10,17,12,17,15,17,16,17,19,17,20,19,18,12,11,12,14,14,13,5,1,5,4,5,7,7,6,7,9,9,8,4,2,4,3
5324,email-enronsent33_01-0142,4,1,4,2,4,3,4,6,4,14,6,5,6,7,7,10,10,8,10,9,10,13,13,11,13,12
1968,email-enronsent26_01-0036,3,1,3,2,3,5,3,15,3,16,15,9,15,10,15,11,15,12,15,13,15,14,5,4,5,8,8,6,8,7
1109,weblog-blogspot.com_alaindewitt_20060924104100_ENG_20060924_104100-0009,3,1,3,2,3,5,3,7,3,26,7,6,7,12,7,13,7,17,17,14,17,15,17,16,17,19,19,18,19,20,19,23,23,21,23,22,23,25,25,24,12,8,12,9,12,10,12,11,5,4
10547,reviews-069995-0004,12,1,12,2,12,6,12,7,12,9,12,10,12,11,12,13,9,8,6,3,6,4,6,5
7544,answers-20111107212131AACQ65F_ans-0011,5,2,5,3,5,4,5,6,5,7,5,10,5,24,10,8,10,9,10,11,10,15,15,12,15,13,15,14,15,16,15,19,15,22,22,20,22,21,22,23,19,17,19,18,2,1
12182,reviews-181748-0010,4,2,4,3,4,6,4,10,4,21,10,8,10,9,10,12,10,15,15,13,15,14,15,16,15,20,20,17,20,18,20,19,12,11,6,5,6,7,2,1
3195,email-enronsent40_01-0044,1,3,3,2
10291,reviews-026641-0002,3,1,3,2,3,4,3,6,3,32,6,5,6,9,6,10,10,13,13,11,13,12,13,15,13,17,17,16,17,20,20,18,20,19,20,21,20,25,25,22,25,23,25,24,25,28,25,31,31,29,31,30,28,26,28,27,15,14,9,7,9,8
10179,reviews-267732-0008
9359,answers-20111108110012AAK8Azy_ans-0012,8,6,8,7,8,9,8,10,8,13,8,14,8,19,8,23,19,15,19,16,19,17,19,18,18,21,21,20,21,22,13,11,13,12,6,1,6,4,6,5,4,3,3,2
3307,email-enronsent13_01-0051,1,2
12274,reviews-333243-0006,6,1,6,3,6,4,6,5,6,7,6,10,6,22,6,44,6,49,44,42,44,43,44,45,44,47,47,46,47,48,22,18,22,19,22,20,22,21,22,24,22,31,22,32,22,41,32,36,32,37,32,40,40,38,40,39,36,33,36,34,36,35,24,23,24,28,28,25,28,26,28,27,28,30,30,29,10,8,10,9,10,12,12,11,12,15,15,13,15,14,15,17,17,16,1,2
2212,email-enronsent42_01-0010,3,1,3,2,3,9,3,10,9,4,9,5,9,6,9,8,8,7
8699,answers-20111108111107AAlrzok_ans-0009,4,1,4,2,4,3,4,6,4,9,6,5,6,8,8,7
3821,email-enronsent10_01-0019,2,1,2,7,7,3,7,4,7,5,7,6,7,10,7,25,10,8,10,9,10,16,16,11,16,13,16,14,16,15,16,19,19,17,19,18,19,21,19,24,24,22,24,23,21,20,13,12
5411,newsgroup-groups.google.com_herpesnation_c74170a0fcfdc880_ENG_20051125_075200-0011,5,1,5,2,5,3,5,4,5,8,5,9,5,14,5,20,5,28,5,39,28,21,28,29,28,31,28,35,35,32,35,33,35,34,35,38,38,36,38,37,31,30,21,22,21,27,27,23,27,24,27,25,27,26,14,10,14,11,14,12,14,13,14,17,17,15,17,16,17,19,19,18,8,6,8,7
9303,answers-20111108110329AAxl1pb_ans-0043,3,2,3,10,3,23,10,7,10,8,10,9,10,13,13,11,13,12,13,16,16,14,16,15,16,19,16,21,21,20,21,22,19,17,19,18,7,4,7,6,6,5,2,1
4789,email-enronsent37_01-0129,1,2,1,3
2053,email-enronsent08_02-0061,4,1,4,2,4,3,4,9,4,12,4,13,12,10,12,11,9,5,9,6,9,7,9,8
8818,answers-20111108104352AASs5OZ_ans-0028,3,1,3,2,3,5,3,25,5,4,5,8,8,6,8,7,8,11,8,12,8,13,13,14,13,15,13,18,13,19,13,23,13,24,19,22,22,20,22,21,15,17,17,16,11,9,11,10
8361,answers-20111107193044AAvUYBv_ans-0022,13,5,13,7,13,8,13,9,13,10,13,11,13,12,13,14,13,15,13,16,5,1,5,2,5,3,5,4,5,6
11360,reviews-247226-0005,7,1,7,5,7,6,7,9,7,16,7,18,16,14,16,15,16,17,9,8,9,11,11,10,11,13,13,12,1,2,1,4,4,3
10993,reviews-292997-0006,9,5,9,6,9,7,9,8,9,10,9,12,9,17,12,11,12,16,16,13,16,14,16,15,5,1,5,2,5,3,5,4
969,weblog-blogspot.com_rigorousintuition_20060511134300_ENG_20060511_134300-0171,4,1,4,2,4,3,4,6,4,7,6,5
4258,email-enronsent03_01-0012
6993,newsgroup-groups.google.com_alt.animals_0084bdc731bfc8d8_ENG_20040905_212000-0034,1,2,1,3,1,23,3,6,3,17,17,9,17,16,17,20,17,22,22,21,20,18,20,19,9,7,9,8,9,10,9,15,15,12,15,14,12,11,12,13,6,4,6,5
721,weblog-juancole.com_juancole_20040823064025_ENG_20040823_064025-0018,13,2,13,10,13,11,13,12,13,18,13,41,18,14,18,15,18,17,18,22,18,30,30,27,30,28,30,29,30,31,30,32,32,38,38,33,38,34,38,35,38,40,40,39,35,37,37,36,22,19,22,20,22,26,26,23,26,24,26,25,20,21,17,16,2,1,2,4,4,3,4,9,9,5,9,6,9,7,9,8
5963,newsgroup-groups.google.com_Meditation20052_06390a5f75b2e1f2_ENG_20050316_091700-0010,5,2,5,3,5,4,5,7,5,8,5,11,5,12,11,9,11,10,7,6,2,1
8465,answers-20111107144339AA0qw5S_ans-0016,2,1,2,5,2,6,5,3,5,4
8780,answers-20111108102428AAMzXRG_ans-0025,2,1,2,3,2,4
9405,answers-20111108092643AAXe4lD_ans-0018,7,5,7,6,7,10,7,11,10,8,10,9,5,2,2,1,2,4,4,3
1762,email-enronsent30_01-0052,1,2,1,3,1,4,4,5
10310,reviews-112661-0005,3,1,3,2,3,7,3,8,3,9,3,11,9,10,7,4,7,5,7,6
12432,reviews-043020-0017,2,1,2,3,2,7,3,5,5,4,5,6
1113,weblog-blogspot.com_alaindewitt_20060924104100_ENG_20060924_104100-0013,2,1,2,6,2,29,6,3,6,4,6,5,6,8,6,11,6,15,15,12,15,13,15,14,15,18,15,21,21,19,21,20,21,28,28,23,23,22,23,27,27,24,27,25,27,26,18,16,18,17,8,7,8,10,10,9
2558,email-enronsent25_01-0005,4,2,4,3,4,6,4,16,6,5,6,15,15,10,15,11,15,12,15,13,15,14,10,8,8,7,8,9,2,1
6082,newsgroup-groups.google.com_civicamerican_22c54c292026bfd2_ENG_20060128_072400-0017,3,1,3,4,3,5,1,2
11609,reviews-170650-0011,11,2,11,8,11,9,11,10,11,16,11,19,16,12,16,13,16,15,16,18,18,17,15,14,2,1,2,4,4,3,4,6,4,7,6,5
10400,reviews-004574-0002,4,2,4,3,4,5,2,1
578,weblog-blogspot.com_dakbangla_20050210141134_ENG_20050210_141134-0026,23,5,23,21,23,22,23,25,23,30,25,24,25,29,29,26,29,27,29,28,5,1,5,2,5,8,5,13,13,9,13,10,13,12,13,15,13,20,20,18,20,19,15,14,15,17,17,16,12,11,8,6,8,7,2,4,4,3
4504,email-enronsent35_01-0100,2,1,2,4,2,14,2,42,14,9,14,10,14,13,14,16,16,15,16,17,16,20,16,21,16,27,27,22,27,24,27,25,27,26,27,29,27,30,27,36,36,31,36,32,36,33,36,34,36,35,36,37,37,39,39,38,39,41,41,40,29,28,24,23,20,19,17,18,13,11,11,12,4,3,4,7,4,8,7,5,7,6
12226,reviews-345182-0012,2,1,2,3,2,5,2,12,2,22,12,10,12,11,12,13,12,15,15,14,15,17,17,16,17,18,17,21,21,19,21,20,5,4,5,8,5,9,8,6,8,7
7275,answers-20111108083309AAg9jwT_ans-0005,2,1,2,3,2,4,2,9,2,14,9,5,9,6,9,7,9,8,9,11,11,10,11,13,13,12
11237,reviews-074896-0001,2,1
6040,newsgroup-groups.google.com_GayMarriage_0ccbb50b41a5830b_ENG_20050321_181500-0019
6582,newsgroup-groups.google.com_magicworld_04c89d43ff4fd6ea_ENG_20050104_152000-0043,9,2,9,5,9,6,9,7,9,8,9,11,9,14,9,15,14,12,14,13,11,10,2,1,2,4,4,3
5034,email-enronsent43_01-0096,20,1,20,2,20,3,20,19,20,21,20,22,3,6,6,4,6,5,6,7,7,9,7,11,7,13,13,12,13,18,18,14,18,15,18,17,15,16,11,10,9,8
7359,answers-20111108092738AA2dtyW_ans-0011,9,1,9,8,9,10,1,4,4,2,4,3,4,7,7,5,7,6
10000,reviews-004540-0005,2,1,2,3
4330,email-enronsent03_01-0084,1,2
5109,email-enronsent07_01-0031,5,3,5,8,5,17,8,7,8,10,8,14,14,12,14,13,14,16,16,15,10,9,10,11,7,6,3,1,3,4,1,2
8069,answers-20111106215236AAycANO_ans-0001,4,1,4,2,4,3,4,6,4,9,4,10,6,5,6,7,6,8
7870,answers-20111108080049AAgT0iA_ans-0006,2,1,2,3,2,5,2,8,2,13,2,18,2,28,18,14,18,15,18,16,18,17,18,21,18,23,23,22,23,25,23,27,27,26,25,24,21,19,21,20,13,9,13,11,13,12,11,10,8,6,8,7,5,4
825,weblog-blogspot.com_rigorousintuition_20060511134300_ENG_20060511_134300-0027,24,3,24,16,24,17,24,20,24,21,24,22,24,23,24,25,24,26,24,31,24,43,31,27,31,28,31,30,31,33,31,37,37,34,37,35,37,36,37,42,42,38,42,39,42,41,39,40,33,32,30,29,17,19,19,18,3,1,3,5,3,12,12,8,12,9,12,10,12,11,12,13,12,15,15,14,5,2,5,4,5,7,7,6
4343,email-enronsent03_01-0097,6,2,6,3,6,4,6,5,6,9,6,10,9,7,9,8,2,1
7300,answers-20111106153454AAgT9Df_ans-0008,2,1,2,3,2,4
480,weblog-blogspot.com_rigorousintuition_20050518101500_ENG_20050518_101500-0020,11,3,11,4,11,8,11,9,11,10,11,14,11,15,11,19,11,26,19,16,19,17,19,18,19,23,23,20,23,21,23,22,23,25,25,24,14,12,14,13,8,5,8,6,8,7,3,1,1,2
3598,email-enronsent16_01-0044,5,1,5,2,5,3,5,4,5,6,5,39,6,9,9,7,9,8,9,14,9,18,18,15,18,16,18,17,18,22,22,19,22,21,22,24,24,20,24,23,24,25,24,28,24,35,35,33,35,34,35,37,37,36,37,38,28,26,28,27,28,31,31,29,31,30,31,32,14,12,14,13,12,10,12,11
5653,newsgroup-groups.google.com_GuildWars_086f0f64ab633ab3_ENG_20041111_173500-0038,2,1,2,5,2,31,5,3,5,4,5,6,6,9,9,7,9,8,9,12,12,10,12,11,12,15,12,22,22,20,22,21,22,23,23,25,25,24,25,27,27,26,27,30,30,28,30,29,15,13,15,14,15,19,19,16,19,17,19,18
2229,email-enronsent42_01-0027,1,4,1,5,4,2,4,3
33,weblog-juancole.com_juancole_20051126063000_ENG_20051126_063000-0034,6,1,6,4,6,5,6,8,6,16,8,7,8,9,8,15,15,10,15,11,15,12,15,14,14,13,4,2,4,3
11077,reviews-192713-0005,3,1,3,2,3,7,3,16,7,4,7,6,7,12,12,8,12,10,12,15,15,13,15,14,10,9,10,11,6,5
10249,reviews-201972-0006,2,1,2,7,2,18,7,3,7,4,7,5,7,6,7,10,10,8,10,9,10,14,14,11,14,12,14,13,14,17,17,15,17,16
1362,weblog-blogspot.com_dakbangla_20050311135387_ENG_20050311_135387-0013,20,7,20,9,20,13,20,19,20,25,20,33,20,34,25,21,25,22,25,24,25,30,30,28,30,29,30,32,32,31,28,26,28,27,24,23,13,11,13,15,15,14,15,18,18,16,18,17,11,10,11,12,7,1,7,2,7,3,7,8,3,6,6,4,6,5
501,weblog-blogspot.com_rigorousintuition_20050518101500_ENG_20050518_101500-0041,2,1,2,3,2,23,3,6,6,4,6,5,6,8,6,12,12,9,12,10,12,11,12,14,14,13,14,17,17,15,17,16,17,20,20,18,20,19,20,22,22,21,8,7
1819,email-enronsent09_01-0044,4,1,4,2,4,3,4,5,4,6,4,7
9870,reviews-068009-0003,10,6,10,7,10,8,10,9,10,15,10,18,10,27,10,33,27,26,27,31,31,28,31,30,31,32,30,29,18,17,18,20,18,21,18,22,20,19,15,11,15,12,15,13,15,14,15,16,15,25,25,23,25,24,6,1,6,2,6,3,6,5,5,4
3079,email-enronsent34_01-0006,1,5,1,16,5,2,5,3,5,4,5,6,5,10,5,12,12,11,12,13,12,15,15,14,10,8,10,9,6,7
6503,newsgroup-groups.google.com_INTPunderground_b2c62e87877e4a22_ENG_20050906_165900-0058,3,1,3,2,3,7,3,12,7,4,7,5,7,6,7,9,9,8,9,11,11,10
8036,answers-20111108102133AAwVd7m_ans-0008,4,2,4,3,4,6,4,7,6,5,2,1
2979,email-enronsent24_01-0114,4,1,4,2,4,3,4,5
4466,email-enronsent35_01-0062
5720,newsgroup-groups.google.com_misc.consumers_628669ce346c590d_ENG_20040527_065700-0003,1,2,1,5,1,6,5,4,4,3
3416,email-enronsent44_01-0047,3,1,3,2,3,6,3,33,6,4,6,5,6,7,6,9,6,11,6,17,6,25,25,24,25,29,29,26,29,27,29,28,29,32,32,30,32,31,17,15,17,16,17,20,20,18,20,19,20,22,22,21,22,23,11,10,11,12,11,13,13,14,9,8
4917,email-enronsent38_01-0110,2,1,2,3
11884,reviews-288100-0007,1,2,1,4,1,10,1,17,10,9,10,14,14,11,14,13,14,16,16,15,13,12,4,3,4,6,4,8,8,7,6,5
5165,email-enronsent07_01-0087,3,1,3,2,3,7,3,9,3,25,9,8,9,10,9,13,9,16,16,14,16,15,16,18,18,17,18,19,19,21,19,24,24,22,24,23,21,20,13,11,13,12,7,4,4,5,4,6
6361,newsgroup-groups.google.com_alt.animals_02c2d614bfbf6b20_ENG_20050223_232900-0047,13,2,13,4,13,9,13,15,13,18,15,14,15,17,17,16,9,8,9,10,9,11,9,12,8,5,8,7,7,6,2,1,2,3
1236,weblog-blogspot.com_alaindewitt_20060924104100_ENG_20060924_104100-0136,3,1,3,2,3,4,3,6,3,20,6,5,6,18,18,7,18,10,18,15,18,16,18,17,18,19,10,8,10,9,10,12,10,14,14,13,12,11
10106,reviews-249123-0004,2,1,2,3,2,6,2,15,2,20,15,13,15,14,15,18,18,16,18,17,18,19,6,4,6,5,6,7,6,9,9,8,9,12,12,10,12,11
4929,email-enronsent38_01-0122,3,1,3,2,3,8,3,12,3,20,12,9,12,10,12,11,12,14,14,13,14,16,14,19,16,15,16,18,18,17,8,4,8,5,8,6,8,7
6035,newsgroup-groups.google.com_GayMarriage_0ccbb50b41a5830b_ENG_20050321_181500-0014,7,4,7,5,7,6,7,10,7,21,7,23,21,17,21,18,21,19,21,20,21,22,10,8,10,9,10,12,12,11,12,13,12,15,15,14,15,16,4,1,1,2,1,3
662,weblog-blogspot.com_dakbangla_20041016151002_ENG_20041016_151002-0036,7,6,7,8,8,4,8,12,8,26,12,9,12,10,12,11,12,15,12,20,20,16,20,18,20,19,20,23,23,21,23,22,23,25,25,24,18,17,15,13,15,14,4,1,4,2,4,3,6,5
6869,newsgroup-groups.google.com_misc.consumers_a534e32067078b08_ENG_20060116_030800-0045,8,6,8,7,8,9,8,10,8,14,8,21,14,13,14,20,20,15,20,16,20,19,19,17,19,18,13,11,13,12,6,1,6,2,6,5,5,3,5,4
3108,email-enronsent34_01-0035,1,3,1,5,1,11,5,4,5,7,5,10,10,8,10,9,7,6,3,2
2630,email-enronsent25_01-0077,1,2,1,4,1,7,4,3,4,5,5,6
1341,weblog-blogspot.com_alaindewitt_20060924104100_ENG_20060924_104100-0241,67,5,67,60,67,61,67,62,67,63,67,64,67,65,67,66,67,68,5,1,5,3,5,4,5,7,7,6,7,11,11,8,11,9,11,10,11,14,11,19,11,22,11,24,11,30,11,32,11,39,11,48,48,46,48,47,48,51,51,49,51,50,51,53,53,52,53,55,53,59,59,58,55,54,55,57,57,56,39,38,39,42,42,40,42,41,42,45,45,43,45,44,32,31,32,35,35,33,35,34,35,37,37,36,30,27,30,28,30,29,24,23,24,26,26,25,22,20,22,21,19,15,19,16,19,17,19,18,14,12,14,13,3,2
2340,email-enronsent12_01-0052,3,1,3,2,3,6,3,8,3,18,3,19,8,7,8,9,9,10,9,13,13,12,13,15,15,14,15,17,17,16,10,11,6,4,6,5
5021,email-enronsent43_01-0083,2,1,2,3
3805,email-enronsent10_01-0003,2,1,2,6,2,9,2,17,2,29,2,76,29,26,29,27,29,28,29,33,33,30,33,32,33,38,38,35,38,36,38,37,38,41,38,57,57,55,57,56,57,58,57,60,60,59,60,61,60,62,60,63,60,64,60,67,67,65,67,66,67,69,67,70,67,71,71,75,75,72,75,73,75,74,69,68,41,39,41,40,41,43,41,46,46,45,46,49,49,47,49,48,49,51,51,50,51,54,54,52,54,53,43,42,43,44,35,34,32,31,17,12,17,13,17,14,17,15,17,16,17,19,19,18,19,20,19,25,25,21,25,22,25,23,25,24,9,7,9,8,9,11,11,10,6,3,6,5,5,4
5453,newsgroup-groups.google.com_eHolistic_417b09016150421f_ENG_20051120_175800-0024,2,1
6951,newsgroup-groups.google.com_misc.consumers_a534e32067078b08_ENG_20060116_030800-0127,11,1,11,9,11,10,11,12,11,22,11,26,11,27,22,20,22,21,22,25,25,23,25,24,12,15,12,19,19,16,19,17,19,18,15,13,15,14,1,2,1,3,1,8,8,4,8,7,7,6,4,5
3291,email-enronsent13_01-0035,1,2
227,weblog-juancole.com_juancole_20040604210986_ENG_20040604_210986-0024,3,2,3,5,3,35,5,4,5,6,5,9,9,7,9,8,9,13,13,10,13,11,13,12,13,17,13,20,13,29,29,27,29,28,29,34,34,30,34,31,34,32,34,33,27,21,27,24,27,26,26,25,24,22,24,23,17,14,17,15,17,16,17,19,19,18,2,1
2455,email-enronsent17_01-0096,4,1,4,2,4,3,4,6,4,10,6,5,6,9,9,7,9,8
1862,email-enronsent27_01-0003,4,1,4,2,4,3,4,6,4,13,6,5,6,12,12,7,12,8,12,11,8,10,10,9
8421,answers-20111108092029AAsHTYP_ans-0020,8,1,8,2,8,6,8,7,8,19,8,20,19,9,19,18,18,10,10,12,10,14,10,17,17,15,17,16,14,13,12,11,2,5,5,3,5,4
516,weblog-blogspot.com_rigorousintuition_20050518101500_ENG_20050518_101500-0056,6,3,6,9,6,10,6,14,6,34,14,11,14,12,14,13,14,17,17,15,17,16,17,18,18,19,18,33,33,27,33,28,33,29,33,32,29,30,29,31,19,22,22,20,22,21,22,24,24,23,24,26,26,25,9,7,9,8,3,1,3,5,5,4,1,2
5587,newsgroup-groups.google.com_emails_ec0a1064de05e74b_ENG_20040929_023800-0023
6424,newsgroup-groups.google.com_alt.animals_0e65f540816d780c_ENG_20041116_124800-0043,10,6,10,7,10,9,10,14,10,15,14,11,14,12,14,13,9,8,6,1,6,2,6,4,6,5,4,3
5232,email-enronsent33_01-0050,2,1,2,3,2,5,2,9,2,12,9,6,9,7,9,8,9,11,11,10,5,4
668,weblog-blogspot.com_dakbangla_20041016151002_ENG_20041016_151002-0042,16,4,16,10,16,12,16,13,16,15,16,20,16,26,20,17,20,18,20,19,20,22,22,21,22,24,24,23,24,25,15,14,12,11,4,1,4,2,4,3,4,6,6,5,6,9,9,7,9,8
3954,email-enronsent39_01-0056,15,1,15,13,15,14,15,16,1,3,3,2,3,4,3,6,3,10,10,7,10,8,10,9,10,12,12,11,6,5
1632,email-enronsent19_01-0048
7940,answers-20111108084355AAvLpRa_ans-0003,5,2,5,3,5,4,5,7,5,8,7,1,7,6
2433,email-enronsent17_01-0074,4,1,4,2,4,3,4,5,4,6
9476,answers-20111107175720AAlb2TB_ans-0011,4,6,6,1,6,2,6,3,6,5,6,7
3379,email-enronsent44_01-0010,1,3,1,4,3,2
4245,email-enronsent41_01-0119,2,1,2,5,2,11,5,3,5,4,5,6,5,8,5,10,10,9,8,7
9336,answers-20111107092617AAgKm4X_ans-0030,3,1,3,2,3,5,3,6,3,8,3,15,3,22,3,36,22,20,22,21,22,24,22,30,30,32,32,31,32,35,35,33,35,34,24,23,24,27,27,25,27,26,27,29,29,28,15,14,15,19,19,16,19,17,19,18,8,7,8,10,10,9,10,13,13,11,13,12,5,4
8722,answers-20111108064026AA86V9T_ans-0001,7,5,7,6,7,9,7,22,9,2,9,4,9,8,9,12,9,18,18,17,18,19,18,21,21,20,12,10,12,11,12,14,12,16,16,15,14,13,2,1,2,3
5880,newsgroup-groups.google.com_eHolistic_2dd76f31ceb6bfe8_ENG_20050513_224200-0019,3,1,3,2,3,4,3,5,3,6,3,8,3,10,3,22,10,9,10,15,15,11,15,12,15,13,15,14,15,21,21,16,21,17,21,18,21,19,21,20,6,7
2594,email-enronsent25_01-0041,2,1,2,3,2,5,5,4
12144,reviews-278775-0008,5,1,5,2,5,3,5,4,5,7,5,10,5,13,5,29,5,43,5,59,29,21,29,22,29,25,29,28,29,33,33,30,33,32,33,35,33,36,33,40,40,37,40,38,40,39,40,42,40,47,47,44,47,45,47,46,47,49,47,58,58,51,58,53,58,57,53,52,53,54,53,56,56,55,49,48,49,50,42,41,35,34,32,31,25,23,25,24,25,26,25,27,13,11,13,12,13,15,15,14,15,16,16,18,16,20,20,19,18,17,10,8,10,9,7,6
4654,email-enronsent05_02-0091,13,3,13,4,13,7,13,10,13,11,13,12,13,14,13,23,14,16,16,15,16,17,16,19,19,18,19,22,22,20,22,21,7,5,7,6,7,9,9,8,3,1,3,2
622,weblog-blogspot.com_dakbangla_20050210141134_ENG_20050210_141134-0070,5,4,5,7,5,19,5,26,5,30,26,20,26,21,26,22,26,25,26,29,29,27,29,28,22,24,24,23,7,6,7,8,7,18,18,9,18,10,18,11,18,12,18,17,12,16,16,13,16,15,15,14,4,1,4,3,3,2
1503,weblog-blogspot.com_dakbangla_20050311135387_ENG_20050311_135387-0154,4,1,4,3,4,9,4,24,9,5,9,6,9,7,9,8,9,10,9,15,15,13,15,14,15,17,17,16,17,20,20,18,20,19,20,23,23,21,23,22,10,12,12,11,1,2
1539,weblog-blogspot.com_dakbangla_20050311135387_ENG_20050311_135387-0190,42,11,42,35,42,36,42,39,42,40,42,43,40,41,36,38,38,37,11,1,11,4,11,9,11,10,11,13,11,15,15,14,15,20,20,18,20,22,22,21,22,24,22,29,29,25,29,26,29,27,29,28,29,34,34,30,34,31,34,32,34,33,24,23,18,16,18,17,18,19,13,12,4,2,4,3,4,8,8,5,8,6,8,7
8644,answers-20111108100419AAKZvMH_ans-0004,5,2,5,3,5,4,5,7,5,9,5,14,9,1,9,8,9,13,13,10,13,11,13,12,7,6
3396,email-enronsent44_01-0027,8,5,8,6,8,7,8,9,8,11,8,27,8,42,27,25,27,26,27,30,30,28,30,29,30,33,30,35,30,40,40,37,40,38,40,39,40,41,35,34,35,36,33,31,33,32,11,10,11,12,11,14,11,16,16,15,16,22,22,17,22,19,22,20,22,21,22,23,22,24,19,18,14,13,5,1,5,2,5,3,5,4
9002,answers-20111108111031AARG57j_ans-0037,3,1,3,2,3,6,3,8,6,4,6,5,6,7
8260,answers-20111108101024AANYJpw_ans-0018,1,2
10769,reviews-317594-0003,4,1,4,2,4,3,4,7,4,14,4,16,14,8,14,9,14,12,14,13,14,15,9,10,9,11,7,5,7,6
6719,newsgroup-groups.google.com_humanities.lit.authors.shakespeare_0018a7697318f71f_ENG_20031006_163200-0075,1,11,1,12,11,2,11,7,11,8,11,9,11,10,2,3,2,4,2,6,6,5
8585,answers-20111108051456AAQJaXR_ans-0014,2,1,2,6,2,28,2,35,28,23,28,24,28,26,28,27,28,29,28,34,29,30,29,33,33,31,33,32,26,25,6,3,6,4,6,5,6,7,6,11,11,8,11,9,11,10,11,13,13,12,7,17,17,14,17,15,17,16,17,18,17,19,18,22,22,20,22,21
249,weblog-blogspot.com_dakbangla_20041119231111_ENG_20041119_231111-0002,3,1,3,2,3,5,3,8,3,22,3,23,22,9,22,17,22,18,22,19,22,20,22,21,17,10,17,11,17,15,17,16,15,12,15,13,15,14,8,6,8,7,5,4
8519,answers-20111108083754AAEw5Xc_ans-0013,15,1,15,3,15,11,15,12,15,13,15,14,15,17,15,24,17,16,17,20,20,18,20,19,20,23,23,21,23,22,3,5,5,4,5,8,8,6,8,7,8,10,10,9,1,2
2483,email-enronsent36_02-0014
9641,answers-20111108065616AAKtL2c_ans-0071,3,1,3,2,3,7,3,15,7,4,7,5,7,6,7,8,8,9,9,11,11,10,11,13,13,12,13,14
8710,answers-20111108111107AAlrzok_ans-0020,4,1,4,2,4,3,4,5,4,6
5330,email-enronsent33_01-0148,1,2,1,4,1,7,1,11,11,8,11,9,11,10,11,12,7,5,7,6,4,3
9635,answers-20111108065616AAKtL2c_ans-0065,2,1,2,5,2,17,2,18,2,29,2,33,2,34,2,37,37,35,37,36,37,39,37,46,46,43,46,44,46,45,39,38,39,41,41,40,41,42,33,30,33,31,33,32,33,47,18,19,18,22,22,20,22,21,22,24,24,23,24,28,28,25,28,26,28,27,5,3,5,4,5,9,5,13,13,11,13,12,13,16,16,14,16,15,9,6,9,7,9,8,9,10
12493,reviews-211797-0002,9,3,9,5,9,8,9,12,9,18,12,10,12,11,12,13,12,14,14,17,17,15,17,16,5,4,5,6,6,7,3,1,3,2
2682,email-enronsent22_01-0017,4,1,4,2,4,3,4,6,4,23,6,5,6,9,6,10,10,14,14,11,14,13,14,17,14,22,22,18,22,19,22,20,22,21,17,15,17,16,13,12,9,7,9,8
7495,answers-20111108072912AAccket_ans-0006,6,2,6,3,6,4,6,5,6,8,6,15,8,7,8,10,10,9,10,14,14,11,14,12,14,13,2,1
6792,newsgroup-groups.google.com_alt.animals_434fe80fb3577e8e_ENG_20031011_200300-0033,3,1,3,2,3,14,3,16,14,4,14,7,14,12,14,13,14,15,7,5,7,6,7,11,11,8,11,9,11,10
7202,answers-20111108091950AAA0Xg5_ans-0006,13,2,13,14,13,18,14,17,17,15,17,16,2,1,2,6,6,3,6,4,6,5,6,11,6,12,11,7,11,8,11,9,11,10
402,weblog-blogspot.com_alaindewitt_20040929103700_ENG_20040929_103700-0076,3,1,3,2,3,5,3,9,5,4,5,8,8,6,8,7
6090,newsgroup-groups.google.com_civicamerican_22c54c292026bfd2_ENG_20060128_072400-0025,3,1,3,2,3,5,3,12,3,15,3,16,3,19,3,45,3,50,3,102,50,46,50,47,50,48,50,49,50,53,50,68,68,64,68,65,68,66,68,67,68,70,70,69,70,71,71,72,71,73,71,77,77,74,77,76,77,82,82,78,82,79,82,81,82,83,82,84,82,86,86,85,86,92,92,87,92,90,92,91,92,95,95,93,95,94,95,97,97,96,97,101,101,98,101,99,101,100,90,88,90,89,81,80,74,75,53,51,53,52,53,56,53,60,60,63,63,61,63,62,56,54,56,55,56,58,58,57,58,59,19,17,19,18,19,22,22,20,22,21,22,23,22,28,22,32,22,34,34,33,34,35,34,37,37,36,37,40,40,38,40,39,40,44,44,41,44,43,43,42,28,24,28,26,28,27,28,31,31,29,31,30,26,25,15,13,15,14,5,4,5,7,7,6,7,10,10,8,10,9,10,11
10855,reviews-080221-0006,4,1,4,2,4,3,4,7,4,8,7,5,7,6
448,weblog-blogspot.com_healingiraq_20050121235804_ENG_20050121_235804-0043,3,1,3,2,3,4,3,41,4,7,4,11,4,14,14,12,14,13,14,17,14,20,14,24,24,21,24,22,24,23,24,25,24,27,24,32,32,31,32,35,35,33,35,34,35,37,37,36,37,38,38,40,40,39,27,26,27,30,30,28,30,29,20,18,20,19,17,15,17,16,7,5,7,6,7,10,10,8,8,9
6364,newsgroup-groups.google.com_alt.animals_02c2d614bfbf6b20_ENG_20050223_232900-0050,16,1,16,8,16,11,16,15,16,17,16,18,11,9,11,10,11,14,14,12,14,13,1,7,7,2,7,4,7,6,4,3,4,5
5792,newsgroup-groups.google.com_IndiaNewsWindow_1405662573fa84ed_ENG_20050831_110400-0041
11045,reviews-063347-0005,5,1,5,2,5,3,5,4,5,7,5,11,5,20,5,23,5,41,23,21,23,22,23,27,23,32,32,28,32,29,32,30,32,31,32,35,35,33,35,34,35,37,35,40,40,38,40,39,37,36,27,24,27,25,27,26,11,8,11,9,11,10,11,13,13,12,13,14,13,19,19,15,19,16,19,17,19,18,7,6
8862,answers-20111107155912AAS93e5_ans-0009,2,1,2,7,2,8,7,3,7,4,4,6,6,5
10781,reviews-047762-0007,2,1,2,4,2,11,2,12,11,7,11,8,11,9,11,10,4,3,4,6,6,5
9736,answers-20111108104724AAuBUR7_ans-0020,2,1,2,3,2,10,2,27,10,7,10,8,10,9,10,11,10,13,10,21,21,18,21,20,21,23,23,22,23,26,26,24,26,25,18,19,13,12,13,15,15,14,15,16,15,17,3,6,6,4,6,5
279,weblog-blogspot.com_dakbangla_20041119231111_ENG_20041119_231111-0032,9,5,9,8,9,12,9,13,9,51,9,52,13,25,25,14,25,15,25,17,25,22,25,23,25,24,25,28,25,36,36,34,36,35,36,39,39,37,39,38,39,42,39,47,47,45,47,46,47,50,50,48,50,49,42,40,42,41,42,44,44,43,28,26,28,27,28,30,28,33,33,31,33,32,30,29,17,16,17,21,21,18,21,19,21,20,12,10,12,11,5,2,5,4,5,6,5,7,2,1,2,3
5230,email-enronsent33_01-0048,6,2,6,4,6,5,6,9,6,18,9,7,9,8,9,11,11,10,11,15,11,17,17,16,15,12,15,14,14,13,2,1,2,3
7704,answers-20111108080100AAJHNUK_ans-0006,7,2,7,6,7,9,9,8,2,1,2,5,5,3,5,4
7170,newsgroup-groups.google.com_alt.animals_0084bdc731bfc8d8_ENG_20040905_212000-0211,1,2,1,3,1,27,3,10,10,4,10,7,10,8,10,9,10,13,13,11,13,12,13,15,13,18,13,25,25,23,25,26,23,24,18,16,18,17,18,19,18,21,18,22,19,20,15,14,7,5,7,6
749,weblog-juancole.com_juancole_20040823064025_ENG_20040823_064025-0046,3,1,3,2,3,5,3,10,5,4,5,9,9,6,9,7,9,8
5226,email-enronsent33_01-0044
5131,email-enronsent07_01-0053,2,1,2,4,2,15,2,30,15,8,15,9,15,11,15,14,15,20,15,22,22,21,22,24,24,23,24,25,24,29,29,26,29,27,29,28,20,16,20,17,20,18,18,19,14,13,11,10,11,12,4,3,4,5,4,7,7,6
6381,newsgroup-groups.google.com_alt.animals_02c2d614bfbf6b20_ENG_20050223_232900-0067,1,2,1,3
4890,email-enronsent38_01-0083
2055,email-enronsent08_02-0063,1,3,1,8,3,2,3,5,5,4,5,7,7,6
6221,newsgroup-groups.google.com_alt.animals.cat_01ff709c4bf2c60c_ENG_20040418_040100-0057,4,1,4,2,4,3,4,5
9263,answers-20111108110329AAxl1pb_ans-0003,1,2
10199,reviews-366586-0005,7,2,7,3,7,4,7,5,7,6,7,8,7,14,7,18,14,9,14,10,14,11,14,12,14,13,14,17,17,15,17,16,2,1
929,weblog-blogspot.com_rigorousintuition_20060511134300_ENG_20060511_134300-0131,3,1,3,2,3,5,3,8,3,9,8,7,5,4,5,6
9343,answers-20111107092617AAgKm4X_ans-0037,7,2,7,3,7,4,7,6,7,8,6,5,2,1
1799,email-enronsent09_01-0024,1,2
7965,answers-20111108105919AAHXkZF_ans-0014,3,1,3,2,3,4,3,7,3,21,3,26,21,8,21,20,21,25,25,22,25,23,25,24,20,11,20,16,20,17,20,19,19,18,11,9,11,10,11,15,15,12,15,13,15,14,7,5,7,6
1944,email-enronsent26_01-0012,5,1,5,4,5,8,5,9,8,6,8,7,1,2,1,3
1579,weblog-blogspot.com_dakbangla_20050311135387_ENG_20050311_135387-0230,4,2,4,3,4,6,4,18,6,5,6,10,6,12,6,16,16,13,16,15,16,17,15,14,12,11,10,7,10,9,9,8,2,1
10072,reviews-063549-0006,10,3,10,6,10,7,10,8,10,9,10,12,10,13,12,11,3,1,3,2,3,5,5,4
2852,email-enronsent11_01-0105,1,4,4,2,4,3,4,5
544,weblog-blogspot.com_rigorousintuition_20050518101500_ENG_20050518_101500-0084,3,1,3,2,3,7,3,9,3,12,9,8,9,11,11,10,7,4,7,6,6,5
839,weblog-blogspot.com_rigorousintuition_20060511134300_ENG_20060511_134300-0041,9,5,9,7,9,8,9,10,5,1,5,2,5,6,2,4,4,3
5060,email-enronsent43_01-0122,4,1,4,2,4,3,4,6,4,15,4,22,15,8,15,9,15,10,15,14,15,21,21,18,21,20,20,19,19,16,16,17,10,13,13,11,13,12,6,5,6,7
3546,email-enronsent06_01-0095,9,3,9,5,9,6,9,12,9,22,12,10,12,11,12,17,17,13,17,15,17,16,17,19,17,21,21,20,19,18,15,14,6,8,8,7,3,1,3,2,3,4
8602,answers-20111108104206AAygiaE_ans-0010,4,1,4,2,4,3,4,8,4,23,8,5,8,7,8,10,10,9,10,12,10,18,18,14,18,16,18,17,18,20,20,19,20,22,22,21,16,15,12,11,12,13,7,6
1580,weblog-blogspot.com_dakbangla_20050311135387_ENG_20050311_135387-0231,12,2,12,3,12,4,12,11,12,16,12,28,12,33,12,44,12,45,33,29,33,31,33,32,33,36,33,38,38,34,38,37,38,40,40,39,40,43,43,41,43,42,36,35,31,30,16,13,16,15,16,19,19,17,19,18,19,22,22,20,22,21,22,25,22,27,27,26,25,23,25,24,15,14,4,8,8,5,8,6,8,7,8,10,10,9,2,1
7543,answers-20111107212131AACQ65F_ans-0010,2,1,2,4,2,6,4,3,4,5
7685,answers-20111107194805AAdINwt_ans-0009,1,3,1,6,3,2,3,5,5,4
964,weblog-blogspot.com_rigorousintuition_20060511134300_ENG_20060511_134300-0166,7,3,7,4,7,5,7,6,7,8,7,9,3,1,3,2
6936,newsgroup-groups.google.com_misc.consumers_a534e32067078b08_ENG_20060116_030800-0112,30,6,30,7,30,13,30,29,30,32,30,33,30,34,30,43,34,37,34,42,42,38,42,39,39,41,41,40,37,35,37,36,32,31,13,8,13,11,13,12,13,15,13,16,16,18,18,17,18,21,18,23,23,22,23,28,28,24,28,25,25,27,27,26,21,19,21,20,15,14,11,9,11,10,6,1,6,2,6,5,5,3,5,4
3605,email-enronsent16_01-0051
3639,email-enronsent16_01-0085
5398,newsgroup-groups.google.com_hiddennook_04d8cc994875d454_ENG_20050207_012300-0019,1,2
12208,reviews-086839-0009,3,1,3,2,3,6,3,7,6,4,6,5
2656,email-enronsent25_01-0103,6,1,6,3,6,4,6,5,6,8,6,10,8,7,8,9,1,2
6278,newsgroup-groups.google.com_alt.animals.bears_1125853b1f13cff6_ENG_20040126_171100-0053,1,2,1,3
9636,answers-20111108065616AAKtL2c_ans-0066,6,1,6,2,6,3,6,4,6,5,6,9,6,16,6,17,16,10,16,11,16,12,16,13,16,14,16,15,9,7,9,8
8901,answers-20111108102445AA5mfrq_ans-0009,4,1,4,2,4,3,4,5,4,7,5,6
3959,email-enronsent39_01-0061,16,1,16,5,16,12,16,13,16,14,16,15,16,19,16,34,16,35,19,17,19,18,19,33,33,20,33,25,33,28,33,30,33,31,33,32,30,29,25,21,25,22,25,23,25,24,25,27,27,26,5,2,5,3,5,4,5,7,7,6,7,9,9,8,9,11,11,10
11239,reviews-074896-0003,3,2,3,6,3,10,3,15,3,23,15,12,15,13,15,14,15,17,15,19,19,18,19,21,21,20,21,22,17,16,10,7,10,8,10,9,10,11,6,4,6,5,2,1
7726,answers-20111108105400AASqPIh_ans-0008,3,1,3,2,3,6,3,18,6,4,6,5,6,11,6,16,16,12,16,13,16,14,16,15,16,17,11,7,11,8,11,9,11,10
2955,email-enronsent24_01-0090,5,1,5,2,5,3,5,4,5,9,5,11,5,15,11,10,11,14,14,12,12,13,9,7,9,8,7,6
3415,email-enronsent44_01-0046,14,1,14,2,14,3,14,10,14,11,14,12,14,13,14,16,14,17,16,15,3,7,7,4,7,5,7,6,7,9,9,8
9071,answers-20111108103957AAcF3iZ_ans-0027,6,1,6,4,6,5,6,7,6,12,6,22,12,8,12,10,12,11,12,14,12,18,18,15,18,16,18,17,18,20,20,19,20,21,14,13,10,9,4,2,4,3
9410,answers-20111108092643AAXe4lD_ans-0023,3,1,3,2,3,4,3,9,3,10,9,5,9,6,9,7,9,8
9030,answers-20111107094641AATmyb6_ans-0025,2,1,2,3,2,4,2,9,2,10,2,14,2,19,14,11,14,12,14,13,14,18,18,15,18,16,18,17,9,7,9,8,4,6,6,5
10483,reviews-305187-0004,3,1,3,2,3,4
3504,email-enronsent06_01-0053,7,4,7,5,7,6,7,9,7,17,9,8,9,12,12,10,12,11,12,13,12,16,16,14,16,15,4,1,4,2,4,3
2611,email-enronsent25_01-0058,3,1,3,2,3,5,3,6,3,7,5,4
11022,reviews-049766-0010,2,1,2,5,2,6,5,3,5,4
11998,reviews-018548-0010,9,7,9,8,9,10,10,5,5,1,5,2,5,3,5,4,5,6,5,11
7462,answers-20111108082505AAtbdh9_ans-0007,1,2,1,3
12435,reviews-363685-0001,1,3,1,4,1,6,1,7,1,12,1,14,12,10,12,11,12,13,10,9,9,8,6,5,3,2
236,weblog-juancole.com_juancole_20040604210986_ENG_20040604_210986-0033,12,2,12,8,12,9,12,10,12,11,12,14,12,16,12,20,12,34,20,17,20,18,20,19,20,23,23,21,23,22,23,27,27,24,27,25,27,26,27,28,27,31,31,29,31,30,31,33,33,32,16,15,14,13,2,1,2,5,5,3,5,7,7,6,3,4
10659,reviews-164580-0002,2,1,2,4,2,18,18,17,18,19,18,23,18,24,23,20,23,21,23,22,4,3,4,6,6,5,6,9,9,7,9,8,9,12,9,14,14,13,14,15,14,16,12,10,12,11
3193,email-enronsent40_01-0042,2,1,2,7,2,15,2,20,2,50,2,60,50,47,50,48,50,49,50,54,50,59,54,51,54,52,54,53,54,58,58,55,58,57,57,56,20,16,20,17,20,18,20,19,20,23,20,32,32,29,32,30,32,31,32,34,34,33,34,41,41,35,41,36,41,38,41,39,41,40,41,44,44,42,44,43,44,46,46,45,38,37,23,21,23,22,23,24,23,28,28,25,28,26,28,27,7,3,7,4,7,5,7,6,7,14,14,8,14,11,14,12,14,13,11,9,11,10
1199,weblog-blogspot.com_alaindewitt_20060924104100_ENG_20060924_104100-0099,4,1,4,2,4,3,4,8,4,21,8,5,8,6,8,7,8,9,8,14,14,11,14,13,14,16,14,20,20,17,20,18,20,19,16,15,13,12,11,10
1142,weblog-blogspot.com_alaindewitt_20060924104100_ENG_20060924_104100-0042,9,2,9,8,9,11,9,32,11,10,11,12,11,16,16,13,16,14,16,15,16,23,23,17,23,18,23,19,23,20,23,21,23,22,23,28,28,24,28,25,28,26,28,27,28,31,31,29,31,30,2,1,2,7,7,3,7,4,7,5,7,6
9184,answers-20111107211742AAHZaPe_ans-0028,4,2,4,3,4,5,2,1
2003,email-enronsent08_02-0011,5,3,5,4,5,8,5,9,8,7,7,6,3,1,3,2
1547,weblog-blogspot.com_dakbangla_20050311135387_ENG_20050311_135387-0198,16,6,16,12,16,13,16,14,16,15,16,17,6,1,6,4,6,7,7,11,11,8,11,9,11,10,4,2,4,3,4,5
4345,email-enronsent03_01-0099,6,2,6,3,6,4,6,5,6,7,6,9,6,17,9,8,9,11,11,10,11,13,13,12,13,16,16,14,16,15,2,1
9287,answers-20111108110329AAxl1pb_ans-0027,4,1,4,2,4,3,4,5
3861,email-enronsent10_01-0059,1,2
3499,email-enronsent06_01-0048
4548,email-enronsent35_01-0144,9,1,9,2,9,5,9,6,9,10,6,8,8,7,5,3,5,4
3691,email-enronsent02_01-0025,1,4,1,10,10,9,10,14,14,11,14,12,14,13,4,2,4,3,4,6,6,5,6,8,8,7
8153,answers-20111106144630AAadR8l_ans-0007,6,2,6,4,6,24,6,41,24,7,24,9,24,30,30,25,30,26,30,27,30,28,30,29,30,32,30,33,33,35,35,34,35,38,38,36,38,37,38,39,38,40,32,31,9,8,9,15,15,10,15,11,15,12,15,13,15,14,15,17,17,16,17,19,17,23,23,20,23,21,23,22,19,18,4,5,2,1,2,3
6064,newsgroup-groups.google.com_GayMarriage_0ccbb50b41a5830b_ENG_20050321_181500-0043
12028,reviews-338429-0013,7,3,7,5,7,6,7,11,7,12,11,8,11,9,11,10,5,4,3,2,2,1
11289,reviews-315763-0003,17,2,17,14,17,15,17,16,17,18,2,1,2,4,2,10,10,7,10,8,10,9,10,11,10,13,13,12,4,3,4,6,6,5
7319,answers-20111107194625AAAUBXm_ans-0002,1,2
10865,reviews-090136-0003,17,3,17,14,17,15,17,16,17,18,17,19,3,1,3,2,3,7,7,5,7,6,7,9,9,8,9,13,13,10,13,11,13,12,5,4
6611,newsgroup-groups.google.com_magicworld_04c89d43ff4fd6ea_ENG_20050104_152000-0072,3,1,3,2,3,5,3,24,5,4,5,7,7,6,7,9,7,14,14,13,14,16,16,15,16,18,18,17,18,19,18,21,21,20,21,23,23,22,9,8,9,12,12,10,12,11
9210,answers-20111107211742AAHZaPe_ans-0054,6,3,6,4,6,5,6,7,3,2,2,1
4081,email-enronsent14_01-0088,1,2,1,3,1,4,1,10,1,13,13,11,13,12,10,8,10,9,4,5,4,6,6,7
10660,reviews-164580-0003,6,1,6,2,6,3,6,4,6,5,6,8,6,15,6,16,15,10,15,11,15,12,15,13,15,14,8,7,8,9
7382,answers-20110721164531AA3BGSJ_ans-0021,8,1,8,2,8,3,8,4,8,5,8,7,8,10,10,9,7,6
8264,answers-20111108101024AANYJpw_ans-0022,2,1,2,5,2,15,2,21,2,22,2,29,2,38,2,40,2,50,40,39,40,41,40,47,47,42,47,45,47,46,47,49,49,48,42,44,44,43,29,27,29,28,29,30,29,34,34,31,34,37,37,35,37,36,31,33,33,32,27,23,27,26,26,24,26,25,21,16,21,17,21,19,21,20,19,18,5,3,5,4,5,8,8,6,8,7,8,13,13,9,13,10,13,11,13,12,13,14
1776,email-enronsent09_01-0001,2,1,2,4,2,12,4,3,4,5,5,11,11,6,11,7,11,9,11,10,7,8
8489,answers-20111108090524AAofoXT_ans-0003,9,2,9,7,9,8,9,11,9,22,9,29,22,17,22,18,22,19,22,20,22,21,22,24,24,23,24,26,26,25,26,27,26,28,11,10,11,13,13,12,13,14,13,16,16,15,2,1,2,6,6,3,6,4,6,5
493,weblog-blogspot.com_rigorousintuition_20050518101500_ENG_20050518_101500-0033,16,2,16,14,16,15,16,19,16,26,19,17,19,18,19,21,19,22,19,24,24,23,24,25,21,20,2,1,2,5,5,3,5,4,5,7,5,9,5,10,10,13,13,11,13,12,7,6,7,8
8402,answers-20111108092029AAsHTYP_ans-0001,4,1,4,2,4,3,4,7,4,15,7,5,7,6,7,10,10,8,10,9,10,14,14,11,14,12,14,13
8850,answers-20111108092321AAK0Eqp_ans-0026,2,1,2,3,2,4,2,8,2,35,8,5,8,6,8,7,8,10,10,9,10,13,13,11,13,12,13,15,15,14,15,16,15,18,18,17,18,22,18,28,28,23,28,24,28,25,28,26,28,27,28,30,30,29,30,34,34,31,34,32,34,33,22,19,22,20,22,21
11155,reviews-156460-0006,3,1,3,2,3,5,3,12,3,17,3,26,17,13,17,14,17,15,17,16,17,25,25,18,25,21,25,22,22,24,24,23,21,19,19,20,12,7,12,8,12,9,12,10,12,11,5,4,5,6
6028,newsgroup-groups.google.com_GayMarriage_0ccbb50b41a5830b_ENG_20050321_181500-0007,13,2,13,12,13,15,13,20,13,29,13,49,29,26,29,27,29,28,29,32,32,30,32,31,32,35,35,33,35,34,35,45,45,36,45,37,45,43,45,48,48,46,48,47,43,38,43,41,43,42,43,44,41,39,41,40,20,16,20,17,20,18,20,19,20,25,25,21,25,22,25,23,25,24,15,14,2,1,2,4,4,3,4,7,4,9,9,8,9,11,11,10,7,5,7,6
3913,email-enronsent39_01-0015,10,2,10,7,10,8,10,9,10,13,10,17,10,22,17,14,17,15,17,16,17,21,21,18,21,19,21,20,13,11,13,12,2,1,2,3,3,6,6,4,6,5
6548,newsgroup-groups.google.com_magicworld_04c89d43ff4fd6ea_ENG_20050104_152000-0009,18,3,18,13,18,15,18,16,18,17,18,19,18,20,15,14,3,1,3,2,3,5,5,4,5,9,9,6,9,7,9,8,9,12,12,10,12,11
8080,answers-20111106215236AAycANO_ans-0012,10,5,10,8,10,9,10,11,10,13,10,19,10,20,19,14,19,15,19,18,18,16,18,17,13,12,5,1,5,2,5,3,5,4,5,7,7,6
11221,reviews-011257-0001,4,1,4,2,4,3,4,9,4,10,9,5,9,7,9,8,7,6
1350,weblog-blogspot.com_dakbangla_20050311135387_ENG_20050311_135387-0001,3,1,3,2,3,6,3,18,6,4,6,5,6,11,6,12,12,15,15,13,15,14,15,17,17,16,11,7,11,8,11,9,11,10
6906,newsgroup-groups.google.com_misc.consumers_a534e32067078b08_ENG_20060116_030800-0082,5,2,5,3,5,4,5,8,5,15,5,19,15,13,15,14,15,18,18,16,18,17,8,6,8,7,8,12,12,9,12,10,12,11,2,1
7627,answers-20111108103930AA7FPhc_ans-0004,2,1
5369,newsgroup-groups.google.com_alt.animals.badgers_172dcd8baf26948f_ENG_20040823_121900-0015,6,1,6,4,6,5,6,8,6,13,6,16,13,9,13,10,13,11,13,12,13,15,15,14,8,7,1,3,3,2
4083,email-enronsent14_01-0090,1,2,1,3,1,4,1,10,1,13,13,11,13,12,10,8,10,9,4,5,4,6,6,7
7278,answers-20111108083309AAg9jwT_ans-0008,1,3,1,6,1,8,8,7,8,9,8,11,11,10,6,4,6,5,3,2
4976,email-enronsent43_01-0038,6,2,6,3,6,4,6,5,6,9,6,11,6,14,6,15,14,12,14,13,11,10,9,7,9,8,2,1
6957,newsgroup-groups.google.com_misc.consumers_a534e32067078b08_ENG_20060116_030800-0133,2,1,2,3,2,8,2,15,8,4,8,5,8,6,8,7,8,10,10,9,10,14,14,11,14,12,14,13
9276,answers-20111108110329AAxl1pb_ans-0016,1,2,1,3,1,6,1,9,1,16,9,7,9,8,9,11,9,12,9,15,15,13,15,14,11,10,6,4,6,5
2041,email-enronsent08_02-0049,3,1,3,2,3,5,3,10,5,4,5,6,5,9,9,7,9,8
2805,email-enronsent11_01-0058,5,1,5,2,5,3,5,8,5,10,8,6,8,7,8,9,3,4
3571,email-enronsent16_01-0017,5,1,5,2,5,6,5,9,5,11,5,12,11,10,9,7,9,8,2,4,4,3
11937,reviews-216456-0003,6,1,6,3,6,8,6,21,6,23,21,17,21,18,21,19,21,20,21,22,8,7,8,13,8,14,8,16,16,15,13,9,13,12,12,11,11,10,3,2,3,5,5,4
6305,newsgroup-groups.google.com_alt.animals.bears_1125853b1f13cff6_ENG_20040126_171100-0080,1,5,1,9,1,10,9,6,9,7,9,8,5,2,5,3,5,4
4296,email-enronsent03_01-0050,2,1,2,4,2,9,4,3,4,6,4,7,4,8,6,5
9344,answers-20111107092617AAgKm4X_ans-0038,7,2,7,3,7,5,7,6,7,9,7,12,7,23,7,33,23,15,23,18,23,22,23,26,26,24,26,25,26,28,28,27,28,30,30,29,30,32,32,31,18,17,18,21,21,19,21,20,15,16,12,10,12,11,12,14,14,13,9,8,5,4,2,1
10424,reviews-039856-0005,15,5,15,13,15,14,15,16,5,1,5,3,5,4,5,6,5,10,10,7,10,8,10,9,10,12,12,11,3,2
2883,email-enronsent24_01-0018,2,1,2,5,2,7,2,8,2,9,2,10,2,13,2,14,13,11,13,12,7,6,5,3,5,4
10307,reviews-112661-0002,2,1,2,4,2,8,4,3,4,5,4,7,5,6
91,weblog-typepad.com_ripples_20040407125600_ENG_20040407_125600-0027
8462,answers-20111107144339AA0qw5S_ans-0013,5,1,5,4,5,7,5,19,7,6,7,12,12,8,12,10,12,11,12,14,14,13,14,18,18,15,18,16,18,17,10,9,1,3,3,2
11995,reviews-018548-0007,3,1,3,2,3,5,3,9,3,10,3,13,3,22,13,11,13,12,13,15,15,14,15,18,15,21,21,19,21,20,18,16,18,17,9,6,9,7,9,8,5,4
11804,reviews-181771-0004,2,1,2,3,2,6,2,11,2,18,11,8,11,9,11,10,11,12,11,17,17,13,17,14,17,15,17,16,6,4,6,5,4,7
4526,email-enronsent35_01-0122,1,3,1,7,3,2,3,4,4,6,6,5
389,weblog-blogspot.com_alaindewitt_20040929103700_ENG_20040929_103700-0063,4,3,4,8,4,31,4,32,8,5,8,6,8,7,8,9,8,16,8,17,8,23,23,18,23,19,23,20,23,21,23,22,23,27,27,24,27,26,27,30,30,29,26,25,24,28,16,10,16,11,16,13,16,15,15,14,13,12,3,1,3,2
7853,answers-20111108090913AAf83Jh_ans-0014,4,2,4,3,4,8,4,10,4,20,10,9,10,12,10,17,17,16,17,18,17,19,12,11,12,15,15,13,15,14,8,5,8,6,8,7,2,1
5444,newsgroup-groups.google.com_eHolistic_417b09016150421f_ENG_20051120_175800-0015,6,5,6,7,6,10,6,13,10,9,10,12,12,11,9,8,5,1,5,2,5,4,4,3
11367,reviews-120335-0002,4,2,4,3,4,8,4,13,8,5,8,6,8,7,8,9,8,12,12,10,12,11,2,1
10341,reviews-219262-0007,4,1,4,2,4,3,4,5
3303,email-enronsent13_01-0047,2,1,2,6,2,14,6,3,6,5,6,8,8,7,8,11,11,10,11,13,13,12,10,9,3,4
4951,email-enronsent43_01-0013,1,2
460,weblog-blogspot.com_healingiraq_20050121235804_ENG_20050121_235804-0055,6,2,6,3,6,4,6,5,6,7,6,9,6,16,9,8,9,12,12,10,12,11,12,15,15,13,15,14,2,1
11913,reviews-229410-0010,1,2,1,3,1,4
6515,newsgroup-groups.google.com_INTPunderground_b2c62e87877e4a22_ENG_20050906_165900-0070,2,1,2,3,2,4
6013,newsgroup-groups.google.com_Meditation20052_06390a5f75b2e1f2_ENG_20050316_091700-0060,1,4,1,8,1,10,1,13,10,9,10,12,12,11,4,2,4,3,3,7,7,5,7,6
9195,answers-20111107211742AAHZaPe_ans-0039,5,3,5,4,5,7,5,13,5,14,13,8,13,9,13,10,13,11,13,12,7,6,3,1,3,2
4103,email-enronsent14_01-0110,1,4,1,5,4,2,4,3
3775,email-enronsent31_01-0046,1,2
1511,weblog-blogspot.com_dakbangla_20050311135387_ENG_20050311_135387-0162,2,1,2,3,2,8,2,32,8,4,8,5,8,6,8,7,8,11,11,9,11,10,11,13,11,16,11,22,22,17,22,19,22,21,22,27,27,23,27,24,27,25,27,26,27,29,29,28,29,31,31,30,21,20,17,18,16,15,13,12,13,14
3342,email-enronsent13_01-0086,1,2
4116,email-enronsent14_01-0123,2,1,2,3,2,8,2,17,8,4,8,7,8,10,8,16,16,13,16,14,16,15,10,9,10,12,12,11,4,5,4,6
9170,answers-20111107211742AAHZaPe_ans-0014,4,1,4,2,4,3,4,5
95,weblog-typepad.com_ripples_20040407125600_ENG_20040407_125600-0031
271,weblog-blogspot.com_dakbangla_20041119231111_ENG_20041119_231111-0024,8,2,8,3,8,6,8,7,8,11,8,14,8,15,14,12,14,13,11,9,11,10,6,4,6,5,2,1
2479,email-enronsent36_02-0010,4,3,4,6,4,7,6,5,3,1,3,2
9231,answers-20111108105629AAiZUDY_ans-0020,3,1,3,2,3,4,3,19,4,9,9,6,9,12,12,10,12,11,12,18,18,13,18,14,18,15,18,16,18,17,6,5,6,8,8,7
9536,answers-20111108105520AA73Axw_ans-0025,2,1,2,3,2,4,2,16,2,23,16,5,16,6,16,12,16,13,16,14,16,15,16,20,16,22,22,21,20,17,17,19,19,18,12,7,12,9,12,10,12,11,9,8
2184,email-enronsent20_01-0055,1,3,3,2
5380,newsgroup-groups.google.com_hiddennook_04d8cc994875d454_ENG_20050207_012300-0001,2,1,2,3
3492,email-enronsent06_01-0041,5,1,5,2,5,3,5,4,5,7,5,8,7,6
2103,email-enronsent01_02-0018,2,1,2,5,2,6,2,7,5,3,5,4
9985,reviews-266591-0001,3,1,3,2,3,6,6,4,6,5
10207,reviews-149741-0001,3,1,3,2,3,5,3,13,5,4,5,6,5,9,9,7,9,8,9,12,12,10,12,11
8359,answers-20111107193044AAvUYBv_ans-0020,5,2,5,4,5,8,8,1,8,6,8,7,8,9,2,3
4682,email-enronsent37_01-0022,4,1,4,2,4,3,4,5,4,6
475,weblog-blogspot.com_rigorousintuition_20050518101500_ENG_20050518_101500-0015,4,1,4,2,4,3,4,5,4,9,4,11,9,6,9,7,9,8,9,10
3442,email-enronsent44_01-0073
7024,newsgroup-groups.google.com_alt.animals_0084bdc731bfc8d8_ENG_20040905_212000-0065,1,2,1,3,1,4,1,22,4,9,9,6,9,11,9,13,13,12,13,16,16,14,16,15,16,21,21,17,21,19,21,20,17,18,11,10,6,5,6,8,8,7
6444,newsgroup-groups.google.com_alt.animals_0e65f540816d780c_ENG_20041116_124800-0063,5,1,5,2,5,3,5,4,5,7,5,8,5,15,8,10,10,9,10,14,14,11,14,12,14,13,7,6
11177,reviews-186284-0005,4,1,4,2,4,3,4,5,4,9,4,13,4,17,4,31,17,14,17,15,17,16,17,19,19,18,19,21,21,20,21,23,23,22,23,25,23,30,30,28,30,29,25,24,25,27,27,26,9,7,9,8,9,10,10,12,12,11,7,6
9519,answers-20111108105520AA73Axw_ans-0008,1,3,1,4,3,2
6578,newsgroup-groups.google.com_magicworld_04c89d43ff4fd6ea_ENG_20050104_152000-0039,4,1,4,2,4,3,4,5,5,10,5,11,10,6,10,7,10,9,9,8
10591,reviews-068436-0002,3,1,3,2,3,5,3,11,3,12,3,16,3,24,16,13,16,14,16,15,16,18,18,17,18,20,20,19,20,23,23,21,23,22,11,6,11,7,11,8,11,10,10,9,5,4
10492,reviews-270502-0005,4,1,4,2,4,3,4,7,4,11,7,5,7,6,7,10,10,8,10,9
11924,reviews-162422-0008,4,2,4,3,4,5,4,9,4,10,9,6,9,7,9,8,2,1
10821,reviews-346960-0001,3,1,3,2,3,6,3,7,6,4,6,5
7211,answers-20111108094740AA1lbom_ans-0003,4,1,4,2,4,3,4,6,4,9,4,10,4,22,4,23,4,24,4,53,4,59,4,79,59,55,59,56,59,57,59,58,59,63,59,68,68,64,68,65,68,66,68,67,68,70,70,69,70,72,70,75,70,78,78,76,78,77,75,73,75,74,72,71,63,60,63,61,63,62,58,54,24,25,24,27,27,26,27,30,27,35,35,31,35,32,35,34,35,37,35,41,35,50,50,47,50,48,50,49,50,52,52,51,41,39,41,40,41,43,43,42,43,45,45,44,45,46,37,36,37,38,32,33,30,28,30,29,22,13,22,20,22,21,13,11,13,12,13,14,13,17,17,15,17,16,17,19,19,18,9,7,9,8,6,5
9351,answers-20111108110012AAK8Azy_ans-0004,3,2,3,6,3,23,6,4,6,5,6,8,8,7,8,9,8,13,13,11,13,12,13,19,19,14,19,15,19,16,19,17,19,18,19,20,19,22,22,21,11,10,2,1
9215,answers-20111108105629AAiZUDY_ans-0004,2,1,2,5,2,18,5,3,5,4,5,6,5,8,8,7,8,10,8,17,17,14,17,15,17,16,10,9,10,13,13,11,13,12
4587,email-enronsent05_02-0024,2,1,2,6,2,10,6,3,6,4,6,5,6,9,9,7,9,8
8225,answers-20111108084416AAoPgBv_ans-0008,5,1,5,2,5,3,5,4,5,7,5,9,5,13,9,8,9,11,11,10,11,12,7,6
4627,email-enronsent05_02-0064,1,6,1,7,6,2,6,3,6,4,6,5
8801,answers-20111108104352AASs5OZ_ans-0011,6,1,6,2,6,3,6,5,6,8,6,9,6,10,6,11,8,7,3,4
1198,weblog-blogspot.com_alaindewitt_20060924104100_ENG_20060924_104100-0098,5,1,5,2,5,4,5,13,5,15,13,6,13,7,13,10,13,11,13,12,13,14,7,9,9,8,4,3
10785,reviews-042012-0004,4,1,4,2,4,3,4,6,4,12,6,5,6,8,8,7,8,11,11,9,11,10
7819,answers-20111031103114AA61BW3_ans-0014,26,4,26,25,26,28,26,32,28,27,28,30,28,31,30,29,4,1,4,2,4,3,4,8,8,5,8,6,8,7,8,12,8,24,24,21,24,22,24,23,12,9,12,10,12,11,12,15,15,13,15,14,15,17,15,19,15,20,17,16,17,18
11500,reviews-280844-0009,7,1,7,2,7,3,7,4,7,6,7,12,7,13,7,14,12,8,12,9,12,10,12,11,6,5
7906,answers-20111108103354AAQzdFB_ans-0007,2,1,2,5,2,8,5,3,5,4,5,7,7,6
10632,reviews-382257-0005,4,1,4,2,4,3,4,6,4,9,4,10,4,16,4,23,16,13,16,14,16,15,16,22,22,17,22,19,22,20,22,21,19,18,13,11,13,12,9,7,9,8,6,5
2599,email-enronsent25_01-0046,10,1,10,2,10,3,10,5,10,6,10,7,10,8,10,9,10,11,10,13,10,20,13,12,13,15,15,14,15,16,15,19,19,17,19,18,5,4
6914,newsgroup-groups.google.com_misc.consumers_a534e32067078b08_ENG_20060116_030800-0090,3,1,3,2,3,5,3,6,3,15,3,16,3,17,15,12,15,14,14,13,6,9,6,11,11,10,9,7,9,8,5,4
778,weblog-juancole.com_juancole_20040823064025_ENG_20040823_064025-0075,2,1,2,6,2,11,6,3,6,4,6,5,6,7,7,10,10,8,10,9
11526,reviews-091704-0002,4,2,4,3,4,8,4,9,4,14,4,15,14,10,14,11,14,12,14,13,8,5,8,6,8,7,2,1
1611,email-enronsent19_01-0027,1,2
1953,email-enronsent26_01-0021,3,1,3,2,3,4,3,5
4364,email-enronsent03_01-0118
10870,reviews-339176-0002,6,1,6,2,6,3,6,4,6,5,6,7,6,9,6,23,6,30,23,20,23,21,23,22,23,24,23,27,27,25,27,26,27,28,27,29,9,8,9,12,9,14,9,19,14,13,14,18,18,15,18,16,18,17,12,10,12,11
5156,email-enronsent07_01-0078,4,3,4,7,4,10,4,11,4,16,11,13,13,12,13,15,15,14,10,8,10,9,7,5,7,6,3,1,3,2
